,Campus Name,CCSF Entity,Lower Grade,Upper Grade,Grade Range,Category,Map Label,Lower Age,Upper Age,General Type,CDS Code,Campus Address,Supervisor District,County FIPS,County Name,Location 1,Latitude1,Longitude1,OBJECTID,ADDRESS,LOCATION,STREET,PLACEMENT,RACKS,SPACES,GLOBALID,INSTALL_YR,INSTALL_MO,LAT,LON,shape,SF Find Neighborhoods 2,Current Police Districts 2,Current Supervisor Districts 2,Analysis Neighborhoods 2,Analysis Neighborhoods - 2010 census tracts assigned to neighborhoods 2,"CBD, BID and GBD Boundaries as of 2017 2",Central Market/Tenderloin Boundary Polygon - Updated 2,Neighborhoods,Distance
30465,Marin Preparatory School,Private,0,8,K-8,Independent / Private,IND271,5,13,IND,,"117 DIAMOND ST, SAN FRANCISCO, CA 94114",8,6075,SAN FRANCISCO,"CA
(37.760124, -122.436798)",37.760124,-122.436798,12066,4243 18TH ST,Takara Sushi,18TH,SIDEWALK,1,2,,2006,0,37.760581,-122.436833,POINT (-122.43682 37.760574),38.0,3.0,5.0,5.0,171.0,9.0,,38.0,0.0004920000000012692
30509,Marin Preparatory School,Private,0,8,K-8,Independent / Private,IND271,5,13,IND,,"117 DIAMOND ST, SAN FRANCISCO, CA 94114",8,6075,SAN FRANCISCO,"CA
(37.760124, -122.436798)",37.760124,-122.436798,10549,117 DIAMOND ST,Marin Preparatory School,DIAMOND,SIDEWALK,2,4,,2004,0,37.760119,-122.436786,POINT (-122.436775 37.760113),38.0,3.0,5.0,5.0,171.0,,,38.0,1.6999999992606263e-05
32105,Montessori House Of Children,Private,0,1,K-1,Independent / Private,IND276,5,6,IND,380501318.0,"1187 FRANKLIN ST, SAN FRANCISCO, CA 94109",5,6075,SAN FRANCISCO,"CA
(37.785046, -122.423416)",37.785046,-122.423416,11362,1187 Franklin,Montessori House,GEARY,SIDEWALK,2,4,,2017,5,37.785347,-122.423088,POINT (-122.42307 37.785343),100.0,4.0,11.0,39.0,6.0,,,100.0,0.000628999999996438
72790,Star Of The Sea School,Private,0,8,K-8,Independent / Private,IND326,5,13,IND,38684786980742.0,"360 09TH AVE, SAN FRANCISCO, CA 94118",1,6075,SAN FRANCISCO,"CA
(37.781563, -122.467285)",37.781563,-122.467285,9098,4444 GEARY BLVD,Gaetani Bldg,GEARY,SIDEWALK,2,4,,2012,3,37.781193,-122.467179,POINT (-122.46716 37.78119),5.0,8.0,4.0,11.0,97.0,,,5.0,0.00047599999999903275
116073,Saint Monica School,Private,0,8,K-8,Independent / Private,IND301,5,13,IND,38684786980585.0,"476 24TH AVE, SAN FRANCISCO, CA 94121",1,6075,SAN FRANCISCO,"CA
(37.780613, -122.483337)",37.780613,-122.483337,11951,5950 GEARY BLVD,St. Monica School,GEARY; 24TH,SIDEWALK,4,8,,2015,1,37.780489,-122.483455,POINT (-122.483444 37.780483),8.0,8.0,4.0,29.0,28.0,,,8.0,0.0002420000000000755
217819,Kai Ming Head Start - North Beach Center,Private,-2,-1,PK,Independent / Private,CDC061,3,4,CDC,384001489.0,"1188 COLUMBUS AVE, SAN FRANCISCO, CA 94133",3,6075,SAN FRANCISCO,"CA
(37.804852, -122.41642)",37.804852,-122.41642,10168,2568 JONES ST,Bimbo's 365 Club,JONES,SIDEWALK,1,2,,2002,0,37.805018,-122.416584,POINT (-122.41657 37.80501),106.0,6.0,3.0,23.0,24.0,,,106.0,0.0003299999999981651
233125,Marin Day School - Spear St,Private,-2,-1,PK,Independent / Private,CDC092,3,4,CDC,384001294.0,"101 HOWARD ST, SAN FRANCISCO, CA 94105",6,6075,SAN FRANCISCO,"CA
(37.790878, -122.392525)",37.790878,-122.392525,10186,101 HOWARD ST,multiple,HOWARD,SIDEWALK,5,10,,2015,1,37.790882,-122.392546,POINT (-122.39253 37.79088),108.0,1.0,10.0,8.0,25.0,3.0,,108.0,2.4999999993724487e-05
244468,Fusion Academy San Francisco,Private,6,12,6-12,Independent / Private,IND244,11,17,IND,38684786143440.0,"535 PACIFIC AVE FL 3, SAN FRANCISCO, CA 94133",3,6075,SAN FRANCISCO,"CA
(37.797028, -122.404182)",37.797028,-122.404182,9062,553 PACIFIC AVE,Clubcard,PACIFIC,SIDEWALK,1,2,,2013,10,37.796998,-122.404489,POINT (-122.40447 37.796993),106.0,6.0,3.0,6.0,55.0,,,106.0,0.0003369999999875972
247941,Fusion Academy San Francisco,Private,6,12,6-12,Independent / Private,IND244,11,17,IND,38684786143440.0,"535 PACIFIC AVE FL 3, SAN FRANCISCO, CA 94133",3,6075,SAN FRANCISCO,"CA
(37.797028, -122.404182)",37.797028,-122.404182,12202,910 MONTGOMERY ST,The Purple Onion,MONTGOMERY,SIDEWALK,1,2,,2006,0,37.797484,-122.403709,POINT (-122.403694 37.797478),106.0,6.0,3.0,23.0,47.0,,,106.0,0.0009289999999992915
281865,Sweet Peas Preschool - East,Private,-2,-1,PK,Independent / Private,CDC142,3,4,CDC,384002314.0,"2730 17TH ST, SAN FRANCISCO, CA 94110",9,6075,SAN FRANCISCO,"CA
(37.764515, -122.411102)",37.764515,-122.411102,11151,405 FLORIDA ST,Vista Point Studio Gallery,FLORIDA,SIDEWALK,1,2,,2002,0,37.764083,-122.410815,POINT (-122.410805 37.764076),53.0,3.0,2.0,20.0,169.0,,,53.0,0.0007190000000036889
282801,Sweet Peas Preschool - East,Private,-2,-1,PK,Independent / Private,CDC142,3,4,CDC,384002314.0,"2730 17TH ST, SAN FRANCISCO, CA 94110",9,6075,SAN FRANCISCO,"CA
(37.764515, -122.411102)",37.764515,-122.411102,11292,2701 17TH ST,BoomBotix,17TH,SIDEWALK,1,2,,2002,0,37.764083,-122.410815,POINT (-122.410805 37.764076),53.0,3.0,2.0,20.0,169.0,,,53.0,0.0007190000000036889
302462,Chinese American International School,Private,-2,-1,PK,Independent / Private,CDC014,3,4,CDC,384001964.0,"42 WALLER ST, SAN FRANCISCO, CA 94102",5,6075,SAN FRANCISCO,"CA
(37.772228, -122.424232)",37.772228,-122.424232,10416,1800 MARKET ST,LGBT Community Center,MARKET,SIDEWALK,1,6,,0,0,37.771773,-122.424015,POINT (-122.424 37.771767),27.0,7.0,5.0,9.0,37.0,9.0,,27.0,0.0006720000000015602
305744,Chinese American International School,Private,-2,-1,PK,Independent / Private,CDC014,3,4,CDC,384001964.0,"42 WALLER ST, SAN FRANCISCO, CA 94102",5,6075,SAN FRANCISCO,"CA
(37.772228, -122.424232)",37.772228,-122.424232,11913,42 WALLER ST,Chinese American International School,WALLER,SIDEWALK,1,2,,2012,9,37.772223,-122.424217,POINT (-122.4242 37.772217),27.0,4.0,11.0,9.0,37.0,,,27.0,2.0000000006348273e-05
337402,Saint Pauls School,Private,0,8,K-8,Independent / Private,IND303,5,13,IND,38684786980601.0,"1690 CHURCH ST, SAN FRANCISCO, CA 94131",8,6075,SAN FRANCISCO,"CA
(37.743923, -122.426926)",37.743923,-122.426926,9156,1706 CHURCH ST,Drewes Meats,CHURCH,SIDEWALK,1,2,,2015,1,37.743465,-122.426977,POINT (-122.42696 37.74346),84.0,9.0,5.0,22.0,174.0,,,84.0,0.0005090000000009809
337643,Saint Pauls School,Private,0,8,K-8,Independent / Private,IND303,5,13,IND,38684786980601.0,"1690 CHURCH ST, SAN FRANCISCO, CA 94131",8,6075,SAN FRANCISCO,"CA
(37.743923, -122.426926)",37.743923,-122.426926,11346,1700 CHURCH ST,Regent Thai,CHURCH,SIDEWALK,1,2,,2015,1,37.743575,-122.426917,POINT (-122.4269 37.74357),84.0,9.0,5.0,22.0,174.0,,,84.0,0.0003569999999939455
360216,Claire Lilienthal Alternative School - Madison Campus,Private,0,2,K-2,Independent / Private,IND228,5,7,IND,384000539.0,"3950 SACRAMENTO ST, SAN FRANCISCO, CA 94118",2,6075,SAN FRANCISCO,"CA
(37.78722, -122.458076)",37.78722,-122.458076,10714,3950 SACRAMENTO ST,Claire Lillienth,SACRAMENTO,SIDEWALK,1,2,,2002,0,37.787214,-122.458064,POINT (-122.45805 37.78721),10.0,8.0,6.0,31.0,80.0,,,10.0,1.8000000011397788e-05
364463,Childrens After School Arts,Private,0,6,K-6,Independent / Private,IND225,5,11,IND,384000345.0,"584 CASTRO ST STE 264, SAN FRANCISCO, CA 94114",8,6075,SAN FRANCISCO,"CA
(37.75959, -122.435242)",37.75959,-122.435242,9780,4115 19TH ST,Spike's Coffee and Tea,19TH,SIDEWALK,1,2,,2003,0,37.759121,-122.435155,POINT (-122.43514 37.759117),115.0,3.0,5.0,5.0,171.0,9.0,,115.0,0.000556000000010215
365091,Childrens After School Arts,Private,0,6,K-6,Independent / Private,IND225,5,11,IND,384000345.0,"584 CASTRO ST STE 264, SAN FRANCISCO, CA 94114",8,6075,SAN FRANCISCO,"CA
(37.75959, -122.435242)",37.75959,-122.435242,11581,598 CASTRO ST,Buffalo Whole Food & Grain Company,CASTRO,SIDEWALK,1,2,,2002,0,37.759395,-122.435134,POINT (-122.43512 37.75939),38.0,3.0,5.0,5.0,171.0,9.0,,38.0,0.0003030000000023847
368902,Childrens After School Arts,Private,0,6,K-6,Independent / Private,IND225,5,11,IND,384000345.0,"584 CASTRO ST STE 264, SAN FRANCISCO, CA 94114",8,6075,SAN FRANCISCO,"CA
(37.75959, -122.435242)",37.75959,-122.435242,9042,564 CASTRO ST,Castro Tarts,CASTRO,SIDEWALK,1,2,,2002,0,37.759907,-122.435259,POINT (-122.43525 37.759903),38.0,3.0,5.0,5.0,171.0,9.0,,38.0,0.0003339999999951715
368981,Childrens After School Arts,Private,0,6,K-6,Independent / Private,IND225,5,11,IND,384000345.0,"584 CASTRO ST STE 264, SAN FRANCISCO, CA 94114",8,6075,SAN FRANCISCO,"CA
(37.75959, -122.435242)",37.75959,-122.435242,12687,4113 4113 19th St,,4113 19th St,SIDEWALK,2,4,,2019,12,37.75926779,-122.43507125,POINT (-122.43506 37.759262),115.0,3.0,5.0,5.0,171.0,9.0,,115.0,0.0004929600000096457
384411,Happy Day Preschool,Private,-2,-1,PK,Independent / Private,CDC051,3,4,CDC,384001687.0,"809 TARAVAL ST, SAN FRANCISCO, CA 94116",7,6075,SAN FRANCISCO,"CA
(37.742836, -122.474892)",37.742836,-122.474892,9836,801 Taraval St,Orthodontics Pediatric Dentistry,TARAVAL,SIDEWALK,1,2,,2016,11,37.743027,-122.47465,POINT (-122.47464 37.743023),46.0,10.0,8.0,41.0,149.0,,,46.0,0.0004330000000010159
390054,Mission Neighborhood Centers - 24Th St Head Start,Private,-2,-1,PK,Independent / Private,CDC097,3,4,CDC,380504876.0,"3013 24TH ST, SAN FRANCISCO, CA 94110",9,6075,SAN FRANCISCO,"CA
(37.752457, -122.412224)",37.752457,-122.412224,12341,3036 24TH ST,Alley Cat Books,24TH,SIDEWALK,1,2,,2013,6,37.752809,-122.412674,POINT (-122.41266 37.752804),53.0,3.0,2.0,20.0,166.0,,,53.0,0.0008020000000001914
390082,Mission Neighborhood Centers - 24Th St Head Start,Private,-2,-1,PK,Independent / Private,CDC097,3,4,CDC,380504876.0,"3013 24TH ST, SAN FRANCISCO, CA 94110",9,6075,SAN FRANCISCO,"CA
(37.752457, -122.412224)",37.752457,-122.412224,10347,3033 24TH ST,Vallarta Taqueria,24TH,SIDEWALK,1,2,,2003,0,37.752394,-122.412554,POINT (-122.412544 37.752388),53.0,3.0,2.0,20.0,166.0,,,53.0,0.0003930000000025302
390636,Mission Neighborhood Centers - 24Th St Head Start,Private,-2,-1,PK,Independent / Private,CDC097,3,4,CDC,380504876.0,"3013 24TH ST, SAN FRANCISCO, CA 94110",9,6075,SAN FRANCISCO,"CA
(37.752457, -122.412224)",37.752457,-122.412224,9339,3033 24th St,Tacqueria Vallarta,24TH,SIDEWALK,3,6,,2015,11,37.752526,-122.412585,POINT (-122.412575 37.75252),53.0,3.0,2.0,20.0,166.0,,,53.0,0.0004300000000156956
391196,Mission Neighborhood Centers - 24Th St Head Start,Private,-2,-1,PK,Independent / Private,CDC097,3,4,CDC,380504876.0,"3013 24TH ST, SAN FRANCISCO, CA 94110",9,6075,SAN FRANCISCO,"CA
(37.752457, -122.412224)",37.752457,-122.412224,10089,3013 24TH ST,24th Street Head Start,24TH,SIDEWALK,1,2,,2003,0,37.75245,-122.412208,POINT (-122.41219 37.752445),53.0,3.0,2.0,20.0,166.0,,,53.0,2.2999999984563146e-05
391523,Mission Neighborhood Centers - 24Th St Head Start,Private,-2,-1,PK,Independent / Private,CDC097,3,4,CDC,380504876.0,"3013 24TH ST, SAN FRANCISCO, CA 94110",9,6075,SAN FRANCISCO,"CA
(37.752457, -122.412224)",37.752457,-122.412224,9144,2790 HARRISON ST,Humphrey Slocombe,HARRISON,SIDEWALK,1,2,,2010,0,37.752794,-122.412189,POINT (-122.41218 37.75279),53.0,3.0,2.0,20.0,166.0,,,53.0,0.0003719999999987067
395099,Mission Neighborhood Centers - 24Th St Head Start,Private,-2,-1,PK,Independent / Private,CDC097,3,4,CDC,380504876.0,"3013 24TH ST, SAN FRANCISCO, CA 94110",9,6075,SAN FRANCISCO,"CA
(37.752457, -122.412224)",37.752457,-122.412224,9749,3026 24TH ST,Liberty Tax,24TH,SIDEWALK,1,2,,2013,6,37.752819,-122.412514,POINT (-122.4125 37.752815),53.0,3.0,2.0,20.0,166.0,,,53.0,0.0006520000000094228
404595,Russian Hill School,Private,-2,-1,PK,Independent / Private,CDC129,3,4,CDC,384001346.0,"2026 DIVISADERO ST, SAN FRANCISCO, CA 94115",2,6075,SAN FRANCISCO,"CA
(37.788521, -122.440193)",37.788521,-122.440193,12110,2794 CALIFORNIA ST,Cal-Divis Marketplace,CALIFORNIA,SIDEWALK,1,2,,2002,0,37.788337,-122.440284,POINT (-122.44027 37.788334),102.0,4.0,6.0,30.0,7.0,,,102.0,0.0002750000000162345
404969,Russian Hill School,Private,-2,-1,PK,Independent / Private,CDC129,3,4,CDC,384001346.0,"2026 DIVISADERO ST, SAN FRANCISCO, CA 94115",2,6075,SAN FRANCISCO,"CA
(37.788521, -122.440193)",37.788521,-122.440193,11512,2062 Divisadero St,The Lion Pub,DIVISADERO,SIDEWALK,2,4,,2016,7,37.788666,-122.440423,POINT (-122.44041 37.788662),102.0,4.0,6.0,30.0,7.0,,,102.0,0.00037499999999823785
406120,San Francisco Public Montessori,Private,-2,5,PK-5,Independent / Private,IND318,3,10,IND,38684780123117.0,"2340 JACKSON ST, SAN FRANCISCO, CA 94115",2,6075,SAN FRANCISCO,"CA
(37.792866, -122.433601)",37.792866,-122.433601,12227,2340 JACKSON ST,San Francisco Public Montessori School,JACKSON,SIDEWALK,3,6,,2015,9,37.792662,-122.43361,POINT (-122.43359 37.792656),102.0,4.0,6.0,30.0,8.0,,,102.0,0.00021300000000223918
420933,Friends Of Saint Francis Child Care Center,Private,-2,-1,PK,Independent / Private,CDC041,3,4,CDC,380504229.0,"50 BELCHER ST, SAN FRANCISCO, CA 94114",8,6075,SAN FRANCISCO,"CA
(37.768589, -122.430344)",37.768589,-122.430344,11550,50 BELCHER ST,Friends of St. Francis Childcare,BELCHER,SIDEWALK,1,2,,2002,0,37.768511,-122.430472,POINT (-122.43046 37.768505),28.0,7.0,5.0,5.0,90.0,,,28.0,0.00020599999999149077
442868,Nihonmachi Little Friends - Sutter St,Private,-2,-1,PK,Independent / Private,CDC114,3,4,CDC,380504776.0,"1830 SUTTER ST, SAN FRANCISCO, CA 94115",5,6075,SAN FRANCISCO,"CA
(37.786717, -122.430557)",37.786717,-122.430557,9475,1830 SUTTER ST,Nihonmachi Little Friends,BUSH,SIDEWALK,2,4,,2015,1,37.786705,-122.43055,POINT (-122.430534 37.7867),101.0,4.0,11.0,30.0,78.0,,,101.0,1.9000000001767603e-05
443376,Nihonmachi Little Friends - Sutter St,Private,-2,-1,PK,Independent / Private,CDC114,3,4,CDC,380504776.0,"1830 SUTTER ST, SAN FRANCISCO, CA 94115",5,6075,SAN FRANCISCO,"CA
(37.786717, -122.430557)",37.786717,-122.430557,9834,2031 BUSH ST,Nihonmachi Little Friends,BUSH,SIDEWALK,2,4,,2015,1,37.787085,-122.430577,POINT (-122.430565 37.78708),101.0,4.0,11.0,30.0,78.0,,,101.0,0.00038800000000094315
510615,Telegraph Hill Neighborhood Center Child Development Preschool,Private,-2,-1,PK,Independent / Private,CDC145,3,4,CDC,380504793.0,"660 LOMBARD ST, SAN FRANCISCO, CA 94133",3,6075,SAN FRANCISCO,"CA
(37.803444, -122.412537)",37.803444,-122.412537,9097,555 CHESTNUT ST,Telegraph Hill Neighborhood Center,CHESTNUT,SIDEWALK,3,6,,2012,5,37.803439,-122.412527,POINT (-122.41251 37.803432),106.0,6.0,3.0,23.0,50.0,,,106.0,1.5000000004761205e-05
527582,Pacific Primary - Yellow Sun School,Private,-2,-1,PK,Independent / Private,CDC119,3,4,CDC,380500491.0,"1500 GROVE ST, SAN FRANCISCO, CA 94117",5,6075,SAN FRANCISCO,"CA
(37.775658, -122.441734)",37.775658,-122.441734,11071,1501 GROVE ST,Pacific Primary School,GROVE,SIDEWALK,2,4,,2010,0,37.775278,-122.441593,POINT (-122.44158 37.775272),24.0,7.0,11.0,18.0,71.0,,,24.0,0.0005209999999991055
593958,Wind In The Willows Early Learning Center,Private,-2,-1,PK,Independent / Private,CDC155,3,4,CDC,384000832.0,"713 MONTEREY BLVD, SAN FRANCISCO, CA 94127",7,6075,SAN FRANCISCO,"CA
(37.731258, -122.451462)",37.731258,-122.451462,10221,705 MONTEREY BLVD,Railroad Espresso,MONTEREY,SIDEWALK,2,4,,2013,8,37.731253,-122.451321,POINT (-122.45131 37.731247),95.0,9.0,8.0,41.0,100.0,,,95.0,0.00014600000000797309
597382,Wind In The Willows Early Learning Center,Private,-2,-1,PK,Independent / Private,CDC155,3,4,CDC,384000832.0,"713 MONTEREY BLVD, SAN FRANCISCO, CA 94127",7,6075,SAN FRANCISCO,"CA
(37.731258, -122.451462)",37.731258,-122.451462,11578,717 MONTEREY BLVD,Big Joe's Broiler 2,MONTEREY,SIDEWALK,1,2,,2010,0,37.731242,-122.451583,POINT (-122.45157 37.731236),95.0,9.0,8.0,41.0,100.0,,,95.0,0.00013699999998806334
610423,Moldovan Academy,Private,-2,0,PK-K,Independent / Private,IND275,3,5,IND,384002294.0,"1270 SANCHEZ ST, SAN FRANCISCO, CA 94114",8,6075,SAN FRANCISCO,"CA
(37.748898, -122.42968)",37.748898,-122.42968,10669,1270 SANCHEZ ST,Bethany United Methodist Church,SANCHEZ,SIDEWALK,2,4,,2013,4,37.748894,-122.429664,POINT (-122.42965 37.74889),84.0,3.0,5.0,22.0,84.0,,,84.0,1.9999999999242846e-05
612558,Moldovan Academy,Private,-2,0,PK-K,Independent / Private,IND275,3,5,IND,384002294.0,"1270 SANCHEZ ST, SAN FRANCISCO, CA 94114",8,6075,SAN FRANCISCO,"CA
(37.748898, -122.42968)",37.748898,-122.42968,12194,1286 SANCHEZ ST,Family Practice doctor's office,SANCHEZ,SIDEWALK,1,2,,2010,12,37.748574,-122.429624,POINT (-122.42961 37.74857),84.0,3.0,5.0,22.0,84.0,,,84.0,0.0003799999999998249
634410,My Little Learning Tree,Private,-2,-1,PK,Independent / Private,CDC111,3,4,CDC,384002056.0,"2118 CLEMENT ST, SAN FRANCISCO, CA 94121",1,6075,SAN FRANCISCO,"CA
(37.782394, -122.482086)",37.782394,-122.482086,12630,301 22nd ave,YMCA,22nd ave,SIDEWALK,1,2,,2019,12,37.78196648,-122.48165584,POINT (-122.48164 37.781963),8.0,8.0,4.0,29.0,28.0,,,8.0,0.0008576799999886475
634532,My Little Learning Tree,Private,-2,-1,PK,Independent / Private,CDC111,3,4,CDC,384002056.0,"2118 CLEMENT ST, SAN FRANCISCO, CA 94121",1,6075,SAN FRANCISCO,"CA
(37.782394, -122.482086)",37.782394,-122.482086,10000,2121 Clement St,Bai Sum Thai Kitchen,CLEMENT,SIDEWALK,1,2,,2017,5,37.782074,-122.481893,POINT (-122.48188 37.78207),8.0,8.0,4.0,29.0,28.0,,,8.0,0.0005129999999908819
635889,My Little Learning Tree,Private,-2,-1,PK,Independent / Private,CDC111,3,4,CDC,384002056.0,"2118 CLEMENT ST, SAN FRANCISCO, CA 94121",1,6075,SAN FRANCISCO,"CA
(37.782394, -122.482086)",37.782394,-122.482086,9234,2118 CLEMENT STREET,My Little Learning Tree,CLEMENT,SIDEWALK,2,4,,2015,11,37.782212,-122.481882,POINT (-122.481865 37.782207),8.0,8.0,4.0,29.0,28.0,,,8.0,0.0003859999999917818
636264,My Little Learning Tree,Private,-2,-1,PK,Independent / Private,CDC111,3,4,CDC,384002056.0,"2118 CLEMENT ST, SAN FRANCISCO, CA 94121",1,6075,SAN FRANCISCO,"CA
(37.782394, -122.482086)",37.782394,-122.482086,9589,2147 Clement St,Bourbon County,CLEMENT,SIDEWALK,1,2,,2017,5,37.782063,-122.482162,POINT (-122.48215 37.78206),8.0,8.0,4.0,29.0,28.0,,,8.0,0.00040700000000271075
637354,My Little Learning Tree,Private,-2,-1,PK,Independent / Private,CDC111,3,4,CDC,384002056.0,"2118 CLEMENT ST, SAN FRANCISCO, CA 94121",1,6075,SAN FRANCISCO,"CA
(37.782394, -122.482086)",37.782394,-122.482086,12637,2140 Clement,K-Elements BBQ,Clement,SIDEWALK,1,2,,2019,12,37.7821416,-122.48211873,POINT (-122.48211 37.782135),8.0,8.0,4.0,29.0,28.0,,,8.0,0.00028512999999463773
644853,Family School,Private,-2,-1,PK,Independent / Private,CDC039,3,4,CDC,384000805.0,"3101 MISSION ST, SAN FRANCISCO, CA 94110",9,6075,SAN FRANCISCO,"CA
(37.747994, -122.418137)",37.747994,-122.418137,9264,3119 MISSION ST,medical building,MISSION,SIDEWALK,1,2,,2002,0,37.747507,-122.418295,POINT (-122.41828 37.7475),83.0,9.0,2.0,2.0,160.0,,,83.0,0.0006449999999986744
649493,Family School,Private,-2,-1,PK,Independent / Private,CDC039,3,4,CDC,384000805.0,"3101 MISSION ST, SAN FRANCISCO, CA 94110",9,6075,SAN FRANCISCO,"CA
(37.747994, -122.418137)",37.747994,-122.418137,10373,3101 MISSION ST,Carecen,MISSION,SIDEWALK,1,2,,2003,0,37.747848,-122.418157,POINT (-122.418144 37.747845),83.0,9.0,2.0,2.0,160.0,,,83.0,0.00016599999999300508
656067,Adda Clevenger School,Private,0,8,K-8,Independent / Private,IND200,5,13,IND,38684786930572.0,"198 FAIR OAKS ST, SAN FRANCISCO, CA 94110",8,6075,SAN FRANCISCO,"CA
(37.753738, -122.424461)",37.753738,-122.424461,10325,180 FAIR OAKS ST,Adda Clevenger Jr Prep School,FAIR OAKS,SIDEWALK,3,6,,2013,3,37.753696,-122.424506,POINT (-122.42449 37.753693),52.0,3.0,5.0,20.0,176.0,,,52.0,8.700000000061436e-05
691716,Holy Family Day Home,Private,-2,-1,PK,Independent / Private,CDC054,3,4,CDC,380500308.0,"299 DOLORES ST, SAN FRANCISCO, CA 94103",8,6075,SAN FRANCISCO,"CA
(37.764992, -122.425796)",37.764992,-122.425796,10518,299 DOLORES ST,Holy Family School,DOLORES,SIDEWALK,2,4,,2010,0,37.764987,-122.425785,POINT (-122.42577 37.76498),37.0,3.0,5.0,20.0,178.0,,,37.0,1.6000000002236447e-05
708698,Love And Learn Nursery School,Private,-2,-1,PK,Independent / Private,CDC084,3,4,CDC,380503540.0,"1419 HOWARD ST, SAN FRANCISCO, CA 94103",6,6075,SAN FRANCISCO,"CA
(37.77335, -122.414795)",37.77335,-122.414795,9789,57 KISSLING ST,UNKNOWN,KISSLING,SIDEWALK,1,2,,2003,0,37.772948,-122.414348,POINT (-122.41434 37.77294),32.0,1.0,10.0,34.0,35.0,,,32.0,0.0008489999999952147
710637,Love And Learn Nursery School,Private,-2,-1,PK,Independent / Private,CDC084,3,4,CDC,380503540.0,"1419 HOWARD ST, SAN FRANCISCO, CA 94103",6,6075,SAN FRANCISCO,"CA
(37.77335, -122.414795)",37.77335,-122.414795,12239,201 11TH ST,Discount Fabrics,11TH,SIDEWALK,1,2,,2013,4,37.773128,-122.415056,POINT (-122.41504 37.773125),32.0,1.0,10.0,34.0,35.0,,,32.0,0.00048300000000978116
710707,Love And Learn Nursery School,Private,-2,-1,PK,Independent / Private,CDC084,3,4,CDC,380503540.0,"1419 HOWARD ST, SAN FRANCISCO, CA 94103",6,6075,SAN FRANCISCO,"CA
(37.77335, -122.414795)",37.77335,-122.414795,10255,225 11TH ST,Don Ramon's Mexican Restaurant,11TH,SIDEWALK,1,2,,2003,0,37.772933,-122.414939,POINT (-122.414925 37.772926),32.0,1.0,10.0,34.0,35.0,,,32.0,0.0005610000000046966
710760,Love And Learn Nursery School,Private,-2,-1,PK,Independent / Private,CDC084,3,4,CDC,380503540.0,"1419 HOWARD ST, SAN FRANCISCO, CA 94103",6,6075,SAN FRANCISCO,"CA
(37.77335, -122.414795)",37.77335,-122.414795,11958,1436 HOWARD ST,PariSoma Innovation Loft,HOWARD,SIDEWALK,2,4,,2010,9,37.77383,-122.415062,POINT (-122.41505 37.773827),32.0,1.0,10.0,34.0,181.0,,1.0,32.0,0.00074700000000405
730442,Balboa Preschool,Private,-2,0,PK-K,Independent / Private,IND213,3,5,IND,380505671.0,"527 BALBOA ST, SAN FRANCISCO, CA 94118",1,6075,SAN FRANCISCO,"CA
(37.776932, -122.464477)",37.776932,-122.464477,11906,515 BALBOA ST,SF Hardware,BALBOA,SIDEWALK,1,2,,2010,0,37.777072,-122.464271,POINT (-122.46426 37.77707),5.0,8.0,4.0,11.0,94.0,,,5.0,0.00034600000000040154
730756,Balboa Preschool,Private,-2,0,PK-K,Independent / Private,IND213,3,5,IND,380505671.0,"527 BALBOA ST, SAN FRANCISCO, CA 94118",1,6075,SAN FRANCISCO,"CA
(37.776932, -122.464477)",37.776932,-122.464477,9358,560 BALBOA ST,Thai Noodle Jump,BALBOA,SIDEWALK,1,2,,2004,0,37.777405,-122.464806,POINT (-122.46479 37.7774),5.0,8.0,4.0,11.0,94.0,,,5.0,0.000801999999993086
748256,Kai Ming Head Start - Geary Center,Private,-2,-1,PK,Independent / Private,CDC060,3,4,CDC,384001291.0,"6221 GEARY BLVD, SAN FRANCISCO, CA 94121",1,6075,SAN FRANCISCO,"CA
(37.77972, -122.486191)",37.77972,-122.486191,12736,510 26th ave,Cafe Enchante,26th ave,SIDEWALK,1,2,,2019,12,37.77968957,-122.48577175,POINT (-122.485756 37.779686),8.0,8.0,4.0,29.0,146.0,,,8.0,0.0004496800000026724
780933,Golden Bridges School,Private,-2,0,PK-K,Independent / Private,IND246,3,5,IND,38684786145635.0,"3358 22ND ST, SAN FRANCISCO, CA 94110",8,6075,SAN FRANCISCO,"CA
(37.755467, -122.42231)",37.755467,-122.42231,9767,3376 22ND ST,Avantguard Locksmith,22ND,SIDEWALK,1,2,,2003,0,37.755447,-122.422558,POINT (-122.42255 37.755444),52.0,3.0,5.0,20.0,76.0,,,52.0,0.00026800000000548607
791228,Laurel Hill Nursery School,Private,-2,-1,PK,Independent / Private,CDC072,3,4,CDC,380504783.0,"401 EUCLID AVE, SAN FRANCISCO, CA 94118",2,6075,SAN FRANCISCO,"CA
(37.783798, -122.452728)",37.783798,-122.452728,11319,401 Euclid Ave,Laurel Hill Nursery School,EUCLID,SIDEWALK,2,4,,2015,11,37.783996,-122.452848,POINT (-122.452835 37.78399),11.0,8.0,6.0,31.0,77.0,,,11.0,0.00031800000001425133
793261,Laurel Hill Nursery School,Private,-2,-1,PK,Independent / Private,CDC072,3,4,CDC,380504783.0,"401 EUCLID AVE, SAN FRANCISCO, CA 94118",2,6075,SAN FRANCISCO,"CA
(37.783798, -122.452728)",37.783798,-122.452728,9073,401 EUCLID AVE,Laurel Hill Nursery School,EUCLID,SIDEWALK,1,2,,2003,0,37.783795,-122.452716,POINT (-122.452705 37.78379),11.0,8.0,6.0,31.0,77.0,,,11.0,1.4999999997655777e-05
796092,Phoebe A Hearst Learning Center,Private,-2,-1,PK,Independent / Private,CDC122,3,4,CDC,380500512.0,"1315 ELLIS ST, SAN FRANCISCO, CA 94114",5,6075,SAN FRANCISCO,"CA
(37.782681, -122.427948)",37.782681,-122.427948,12216,1315 Ellis Street,Phoebe Hearst Preschool,ELLIS,SIDEWALK,2,4,,2017,4,37.782883,-122.427843,POINT (-122.42783 37.78288),97.0,4.0,11.0,39.0,3.0,,,97.0,0.0003070000000064965
801969,Marin Day School - Market Street,Private,-4,-2,INF,Independent / Private,CDC090,1,3,CDC,384001297.0,"1390 MARKET ST, STE 108, SAN FRANCISCO, CA 94102",6,6075,SAN FRANCISCO,"CA
(37.777226, -122.417358)",37.777226,-122.417358,9304,1390 MARKET ST,Fox Plaza,MARKET,SIDEWALK,5,10,,2012,9,37.777219,-122.417348,POINT (-122.417336 37.777214),21.0,4.0,10.0,36.0,132.0,8.0,1.0,21.0,1.6999999985500835e-05
805246,Marin Day School - Market Street,Private,-4,-2,INF,Independent / Private,CDC090,1,3,CDC,384001297.0,"1390 MARKET ST, STE 108, SAN FRANCISCO, CA 94102",6,6075,SAN FRANCISCO,"CA
(37.777226, -122.417358)",37.777226,-122.417358,10667,1390 MARKET ST,Fox Plaza,MARKET,SIDEWALK,1,2,,0,0,37.777219,-122.417348,POINT (-122.417336 37.777214),21.0,4.0,10.0,36.0,132.0,8.0,1.0,21.0,1.6999999985500835e-05
828923,Oakes Childrens Center,Private,0,8,K-8,Independent / Private,IND279,5,13,IND,38684786981534.0,"1550 TREAT AVE, SAN FRANCISCO, CA 94110",9,6075,SAN FRANCISCO,"CA
(37.74593, -122.412697)",37.74593,-122.412697,12504,1521 Treat Avenue,Residential,Treat Avenue,SIDEWALK,2,4,,2019,12,37.74641708,-122.41249735,POINT (-122.41248 37.74641),83.0,9.0,2.0,2.0,160.0,,,83.0,0.0006867299999981924
835505,Sunset Cooperative Nursery School,Private,-2,-1,PK,Independent / Private,CDC141,3,4,CDC,384002119.0,"4245 LAWTON ST, SAN FRANCISCO, CA 94122",4,6075,SAN FRANCISCO,"CA
(37.756386, -122.508499)",37.756386,-122.508499,10374,4245 LAWTON ST,Sunset Co-op Nursery School,LAWTON,SIDEWALK,4,8,,2012,7,37.756379,-122.50849,POINT (-122.50848 37.756374),39.0,10.0,7.0,35.0,103.0,,,39.0,1.6000000002236447e-05
848904,De Marillac Academy,Private,4,8,4-8,Independent / Private,IND235,9,13,IND,38684787104466.0,"175 GOLDEN GATE AVE, SAN FRANCISCO, CA 94102",6,6075,SAN FRANCISCO,"CA
(37.781658, -122.413345)",37.781658,-122.413345,10452,183 GOLDEN GATE AVE,UNKNOWN,GOLDEN GATE,SIDEWALK,1,2,,2006,0,37.781663,-122.413544,POINT (-122.41353 37.78166),20.0,5.0,10.0,36.0,131.0,6.0,1.0,20.0,0.00020399999999654028
855258,San Francisco Waldorf School,Private,-2,8,PK-8,Independent / Private,IND323,3,13,IND,38684786907927.0,"2938 WASHINGTON ST, SAN FRANCISCO, CA 94115",2,6075,SAN FRANCISCO,"CA
(37.790783, -122.44191)",37.790783,-122.44191,11764,2975 WASHINGTON ST,Bloomers,WASHINGTON,SIDEWALK,1,2,,2005,0,37.790423,-122.44218,POINT (-122.44217 37.790417),102.0,8.0,6.0,30.0,7.0,,,102.0,0.0006300000000010186
856902,San Francisco Waldorf School,Private,-2,8,PK-8,Independent / Private,IND323,3,13,IND,38684786907927.0,"2938 WASHINGTON ST, SAN FRANCISCO, CA 94115",2,6075,SAN FRANCISCO,"CA
(37.790783, -122.44191)",37.790783,-122.44191,12088,2938 WASHINGTON ST,San Francisco Waldorf School,WASHINGTON,SIDEWALK,2,4,,2015,12,37.790738,-122.441657,POINT (-122.44164 37.790733),102.0,8.0,6.0,30.0,7.0,,,102.0,0.00029799999998658677
857532,San Francisco Waldorf School,Private,-2,8,PK-8,Independent / Private,IND323,3,13,IND,38684786907927.0,"2938 WASHINGTON ST, SAN FRANCISCO, CA 94115",2,6075,SAN FRANCISCO,"CA
(37.790783, -122.44191)",37.790783,-122.44191,9577,2938 WASHINGTON ST,San Francisco Waldorf School,WASHINGTON,SIDEWALK,1,2,,2010,0,37.790778,-122.441897,POINT (-122.44189 37.79077),102.0,8.0,6.0,30.0,7.0,,,102.0,1.7999999990081506e-05
927414,San Francisco City Academy,Private,0,8,K-8,Independent / Private,IND313,5,13,IND,38684787095755.0,"230 JONES ST, SAN FRANCISCO, CA 94102",6,6075,SAN FRANCISCO,"CA
(37.783505, -122.412201)",37.783505,-122.412201,11762,240 JONES ST,Marlton Manor,JONES,SIDEWALK,1,2,,2015,6,37.783726,-122.412248,POINT (-122.41223 37.783722),20.0,5.0,10.0,36.0,18.0,6.0,1.0,20.0,0.0002680000000125915
947223,Kai Ming Head Start - Battery Center,Private,-2,-1,PK,Independent / Private,CDC059,3,4,CDC,384001838.0,"820 BATTERY ST, SAN FRANCISCO, CA 94111",3,6075,SAN FRANCISCO,"CA
(37.798973, -122.400581)",37.798973,-122.400581,11247,150 BROADWAY ST,For a Thinkspace,BROADWAY,SIDEWALK,2,4,,2015,10,37.798721,-122.400487,POINT (-122.400475 37.798717),77.0,6.0,3.0,8.0,22.0,,,77.0,0.00034600000000040154
956965,Saint Marys School,Private,0,8,K-8,Independent / Private,IND300,5,13,IND,38684786981997.0,"838 KEARNY STREET, SAN FRANCISCO, CA 94108",3,6075,SAN FRANCISCO,"CA
(37.795944, -122.404907)",37.795944,-122.404907,11200,919 KEARNY ST,House of Nanking,KEARNY,SIDEWALK,1,2,,2010,0,37.796434,-122.405371,POINT (-122.40536 37.79643),104.0,6.0,3.0,6.0,55.0,,,104.0,0.0009540000000072268
957229,Saint Marys School,Private,0,8,K-8,Independent / Private,IND300,5,13,IND,38684786981997.0,"838 KEARNY STREET, SAN FRANCISCO, CA 94108",3,6075,SAN FRANCISCO,"CA
(37.795944, -122.404907)",37.795944,-122.404907,11919,919 KEARNY ST,House of Nanking,KEARNY,SIDEWALK,1,2,,2006,0,37.796434,-122.405371,POINT (-122.40536 37.79643),104.0,6.0,3.0,6.0,55.0,,,104.0,0.0009540000000072268
963882,Rainbow Montessori Of San Francisco,Private,-2,-1,PK,Independent / Private,CDC126,3,4,CDC,380505779.0,"2354 24TH AVE, SAN FRANCISCO, CA 94116",4,6075,SAN FRANCISCO,"CA
(37.743538, -122.480759)",37.743538,-122.480759,11096,2345 24TH AVE,SFPD Taraval Station,24TH,SIDEWALK,2,4,,2015,1,37.743827,-122.481152,POINT (-122.48114 37.743824),40.0,10.0,7.0,35.0,31.0,,,40.0,0.0006819999999905235
973650,Synergy Elementary School,Private,0,8,K-8,Independent / Private,IND331,5,13,IND,38684786905913.0,"1387 VALENCIA ST, SAN FRANCISCO, CA 94110",9,6075,SAN FRANCISCO,"CA
(37.750885, -122.420326)",37.750885,-122.420326,9085,1365 VALENCIA ST,Dutailier,VALENCIA,SIDEWALK,1,2,,0,0,37.75115,-122.420209,POINT (-122.4202 37.751144),53.0,3.0,2.0,20.0,87.0,,,53.0,0.00038200000000898626
973878,Synergy Elementary School,Private,0,8,K-8,Independent / Private,IND331,5,13,IND,38684786905913.0,"1387 VALENCIA ST, SAN FRANCISCO, CA 94110",9,6075,SAN FRANCISCO,"CA
(37.750885, -122.420326)",37.750885,-122.420326,11519,1387 VALENCIA ST,Synergy School,VALENCIA,SIDEWALK,1,2,,2000,0,37.750869,-122.420187,POINT (-122.42017 37.750866),53.0,3.0,2.0,20.0,87.0,,,53.0,0.00015499999999946112
974856,Synergy Elementary School,Private,0,8,K-8,Independent / Private,IND331,5,13,IND,38684786905913.0,"1387 VALENCIA ST, SAN FRANCISCO, CA 94110",9,6075,SAN FRANCISCO,"CA
(37.750885, -122.420326)",37.750885,-122.420326,11251,1380 VALENCIA ST,Apartment,VALENCIA,SIDEWALK,1,2,,2000,0,37.750797,-122.420821,POINT (-122.42081 37.750793),53.0,3.0,5.0,20.0,176.0,,,53.0,0.00058299999999889
975125,Synergy Elementary School,Private,0,8,K-8,Independent / Private,IND331,5,13,IND,38684786905913.0,"1387 VALENCIA ST, SAN FRANCISCO, CA 94110",9,6075,SAN FRANCISCO,"CA
(37.750885, -122.420326)",37.750885,-122.420326,9822,1387 VALENCIA ST,Synergy School,VALENCIA,SIDEWALK,2,4,,2011,3,37.750869,-122.420187,POINT (-122.42017 37.750866),53.0,3.0,2.0,20.0,87.0,,,53.0,0.00015499999999946112
975250,Synergy Elementary School,Private,0,8,K-8,Independent / Private,IND331,5,13,IND,38684786905913.0,"1387 VALENCIA ST, SAN FRANCISCO, CA 94110",9,6075,SAN FRANCISCO,"CA
(37.750885, -122.420326)",37.750885,-122.420326,12457,1398 VALENCIA ST,Women's Initiative for Self Employment,VALENCIA,SIDEWALK,1,2,,2011,3,37.750644,-122.420807,POINT (-122.42079 37.75064),53.0,3.0,5.0,20.0,176.0,,,53.0,0.0007219999999890092
976258,Synergy Elementary School,Private,0,8,K-8,Independent / Private,IND331,5,13,IND,38684786905913.0,"1387 VALENCIA ST, SAN FRANCISCO, CA 94110",9,6075,SAN FRANCISCO,"CA
(37.750885, -122.420326)",37.750885,-122.420326,9782,1355 VALENCIA ST,Murphy Investments Property Management,VALENCIA,SIDEWALK,1,2,,2013,4,37.751287,-122.420222,POINT (-122.42021 37.75128),53.0,3.0,2.0,20.0,87.0,,,53.0,0.0005060000000085552
1000418,Marin Day School - San Francisco City Hall,Private,-2,-1,PK,Independent / Private,CDC091,3,4,CDC,384001292.0,"1 DR CARLTON B GOODLETT PL, RM 68, SAN FRANCISCO, CA 94102",6,6075,SAN FRANCISCO,"CA
(37.779324, -122.418816)",37.779324,-122.418816,10193,1 DR CARLTON B GOODLETT PL,City Hall,POLK,SIDEWALK,2,4,,2002,0,37.778841,-122.419017,POINT (-122.41901 37.778835),21.0,4.0,10.0,36.0,132.0,8.0,1.0,21.0,0.0006839999999925794
1000974,Marin Day School - San Francisco City Hall,Private,-2,-1,PK,Independent / Private,CDC091,3,4,CDC,384001292.0,"1 DR CARLTON B GOODLETT PL, RM 68, SAN FRANCISCO, CA 94102",6,6075,SAN FRANCISCO,"CA
(37.779324, -122.418816)",37.779324,-122.418816,10375,1 DR CARLTON B GOODLETT PL,City Hall,POLK,SIDEWALK,2,4,,2010,12,37.779319,-122.418804,POINT (-122.41879 37.779316),21.0,4.0,10.0,36.0,132.0,8.0,1.0,21.0,1.7000000013922545e-05
1001503,Marin Day School - San Francisco City Hall,Private,-2,-1,PK,Independent / Private,CDC091,3,4,CDC,384001292.0,"1 DR CARLTON B GOODLETT PL, RM 68, SAN FRANCISCO, CA 94102",6,6075,SAN FRANCISCO,"CA
(37.779324, -122.418816)",37.779324,-122.418816,9220,1 DR CARLTON B GOODLETT PL,City Hall,POLK,SIDEWALK,2,4,,2003,0,37.778841,-122.419017,POINT (-122.41901 37.778835),21.0,4.0,10.0,36.0,132.0,8.0,1.0,21.0,0.0006839999999925794
1028786,Glide Family Youth And Childcare Center,Private,-2,-1,PK,Independent / Private,CDC045,3,4,CDC,384000531.0,"330 ELLIS ST, SAN FRANCISCO, CA 94102",6,6075,SAN FRANCISCO,"CA
(37.78529, -122.411697)",37.78529,-122.411697,9061,441 OFARRELL ST,Ever Gold Gallery,OFARRELL,SIDEWALK,1,2,,2011,11,37.785637,-122.411944,POINT (-122.411934 37.785633),20.0,5.0,10.0,36.0,20.0,6.0,1.0,20.0,0.0005939999999995393
1079229,Alt School - Fort Mason,Private,0,8,K-8,Independent / Private,IND204,5,13,IND,38684786146773.0,"3741 BUCHANAN ST, SAN FRANCISCO, CA 94123",2,6075,SAN FRANCISCO,"CA
(37.804562, -122.433907)",37.804562,-122.433907,12442,3735 BUCHANAN ST,Starbucks,BUCHANAN,SIDEWALK,1,2,,2015,1,37.804471,-122.433832,POINT (-122.43382 37.804466),17.0,4.0,6.0,13.0,41.0,,,17.0,0.00016600000000721593
1110140,Miraloma Cooperative Nursery School,Private,-2,-1,PK,Independent / Private,CDC096,3,4,CDC,380505313.0,"443 FOERSTER ST, SAN FRANCISCO, CA 94127",7,6075,SAN FRANCISCO,"CA
(37.732193, -122.449142)",37.732193,-122.449142,11595,443 Foerster Street,Miraloma Nursery,FOERSTER,SIDEWALK,2,4,,2017,5,37.731882,-122.448954,POINT (-122.448944 37.731876),95.0,9.0,8.0,41.0,100.0,,,95.0,0.0004989999999978068
1113817,Jewish Community Center San Francisco - Helen Diller Family Preschool,Private,-2,-1,PK,Independent / Private,CDC057,3,4,CDC,384001263.0,"3200 CALIFORNIA ST, SAN FRANCISCO, CA 94118",2,6075,SAN FRANCISCO,"CA
(37.787365, -122.44722)",37.787365,-122.44722,12469,3200 CALIFORNIA ST,Jewish Communtiy Center,CALIFORNIA,SIDEWALK,5,10,,2004,0,37.787481,-122.447372,POINT (-122.44736 37.787476),10.0,8.0,6.0,31.0,80.0,,,10.0,0.00026799999999838064
1115978,Jewish Community Center San Francisco - Helen Diller Family Preschool,Private,-2,-1,PK,Independent / Private,CDC057,3,4,CDC,384001263.0,"3200 CALIFORNIA ST, SAN FRANCISCO, CA 94118",2,6075,SAN FRANCISCO,"CA
(37.787365, -122.44722)",37.787365,-122.44722,10240,3200 CALIFORNIA ST,Jewish Communtiy Center,CALIFORNIA,SIDEWALK,4,8,,2013,0,37.787481,-122.447372,POINT (-122.44736 37.787476),10.0,8.0,6.0,31.0,80.0,,,10.0,0.00026799999999838064
1116816,Jewish Community Center San Francisco - Helen Diller Family Preschool,Private,-2,-1,PK,Independent / Private,CDC057,3,4,CDC,384001263.0,"3200 CALIFORNIA ST, SAN FRANCISCO, CA 94118",2,6075,SAN FRANCISCO,"CA
(37.787365, -122.44722)",37.787365,-122.44722,11372,3200 CALIFORNIA ST,Jewish Communtiy Center,CALIFORNIA,SIDEWALK,4,8,,2012,0,37.787481,-122.447372,POINT (-122.44736 37.787476),10.0,8.0,6.0,31.0,80.0,,,10.0,0.00026799999999838064
1123984,Peters Place Nursery School,Private,-2,-1,PK,Independent / Private,CDC121,3,4,CDC,384000741.0,"227 BALBOA ST, SAN FRANCISCO, CA 94118",1,6075,SAN FRANCISCO,"CA
(37.777092, -122.461357)",37.777092,-122.461357,9043,227 Balboa,Peter's Place Nursery,BALBOA,SIDEWALK,1,2,,2016,10,37.777298,-122.461091,POINT (-122.461075 37.777294),5.0,8.0,4.0,11.0,141.0,,,5.0,0.0004720000000091318
1125571,Peters Place Nursery School,Private,-2,-1,PK,Independent / Private,CDC121,3,4,CDC,384000741.0,"227 BALBOA ST, SAN FRANCISCO, CA 94118",1,6075,SAN FRANCISCO,"CA
(37.777092, -122.461357)",37.777092,-122.461357,12748,602 4th Avenue,,4th Avenue,SIDEWALK,1,2,,2019,12,37.77711539,-122.46184219,POINT (-122.46183 37.77711),5.0,8.0,4.0,11.0,141.0,,,5.0,0.0005085799999875462
1129139,Wu Yee Child Development Center - Chinatown Little Sprouts,Private,-2,-1,PK,Independent / Private,CDC158,3,4,CDC,384000804.0,"831 BROADWAY ST, SAN FRANCISCO, CA 94133",3,6075,SAN FRANCISCO,"CA
(37.797012, -122.410713)",37.797012,-122.410713,9075,843 broadway,Computer Repair,BROADWAY,SIDEWALK,1,2,,2016,8,37.797094,-122.410903,POINT (-122.41089 37.79709),107.0,6.0,3.0,6.0,16.0,,,107.0,0.00027200000000249247
1148532,Urban School Of San Francisco,Private,9,12,9-12,Independent / Private,IND333,14,17,IND,38684786938930.0,"1563 PAGE ST, SAN FRANCISCO, CA 94117",5,6075,SAN FRANCISCO,"CA
(37.770832, -122.44635)",37.770832,-122.44635,11045,1428 HAIGHT ST,Squat & Gobble,HAIGHT,SIDEWALK,1,2,,2002,0,37.770361,-122.445953,POINT (-122.44594 37.770355),25.0,7.0,11.0,3.0,91.0,,,25.0,0.0008679999999898769
1149875,Mission Neighborhood Centers - Stevenson,Private,-2,-1,PK,Independent / Private,CDC105,3,4,CDC,384000731.0,"1320 STEVENSON ST, SAN FRANCISCO, CA 94103",6,6075,SAN FRANCISCO,"CA
(37.771469, -122.421883)",37.771469,-122.421883,11298,151 VALENCIA ST,San Francisco Computer Repair,VALENCIA,SIDEWALK,1,2,,2013,1,37.771147,-122.422046,POINT (-122.422035 37.77114),32.0,1.0,10.0,20.0,89.0,,,32.0,0.00048500000000473165
1152030,Mission Neighborhood Centers - Stevenson,Private,-2,-1,PK,Independent / Private,CDC105,3,4,CDC,384000731.0,"1320 STEVENSON ST, SAN FRANCISCO, CA 94103",6,6075,SAN FRANCISCO,"CA
(37.771469, -122.421883)",37.771469,-122.421883,12759,1307 Stevenson St,,Stevenson St,SIDEWALK,2,4,,2019,12,37.7713856,-122.42171272,POINT (-122.4217 37.77138),32.0,1.0,10.0,20.0,89.0,,,32.0,0.0002536799999930395
1153107,Mission Neighborhood Centers - Stevenson,Private,-2,-1,PK,Independent / Private,CDC105,3,4,CDC,384000731.0,"1320 STEVENSON ST, SAN FRANCISCO, CA 94103",6,6075,SAN FRANCISCO,"CA
(37.771469, -122.421883)",37.771469,-122.421883,11543,105 VALENCIA ST,UNKNOWN,VALENCIA,SIDEWALK,1,2,,2005,0,37.771147,-122.422046,POINT (-122.422035 37.77114),32.0,1.0,10.0,20.0,89.0,,,32.0,0.00048500000000473165
1153441,Mission Neighborhood Centers - Stevenson,Private,-2,-1,PK,Independent / Private,CDC105,3,4,CDC,384000731.0,"1320 STEVENSON ST, SAN FRANCISCO, CA 94103",6,6075,SAN FRANCISCO,"CA
(37.771469, -122.421883)",37.771469,-122.421883,11646,147 VALENCIA ST,UNKNOWN,VALENCIA,SIDEWALK,1,2,,2005,0,37.771147,-122.422046,POINT (-122.422035 37.77114),32.0,1.0,10.0,20.0,89.0,,,32.0,0.00048500000000473165
1163316,Kids By The Bay Preschool,Private,-3,0,PK-K,Independent / Private,IND257,2,5,IND,384001720.0,"90 7TH ST, SAN FRANCISCO, CA 94103",6,6075,SAN FRANCISCO,"CA
(37.779549, -122.412102)",37.779549,-122.412102,9124,1117 MARKET ST,American Gymnastics & Raise the Bar Fitness,MARKET,SIDEWALK,2,4,,2012,7,37.77986,-122.412585,POINT (-122.412575 37.779854),32.0,5.0,10.0,34.0,181.0,7.0,1.0,32.0,0.0007939999999990732
1177020,La Scuola International School,Private,0,8,K-8,Independent / Private,IND260,5,13,IND,38684786144257.0,"735 FELL ST, SAN FRANCISCO, CA 94117",5,6075,SAN FRANCISCO,"CA
(37.774921, -122.430046)",37.774921,-122.430046,11851,735 FELL ST,La Scuola,FELL,SIDEWALK,2,4,,2015,9,37.774969,-122.429938,POINT (-122.429924 37.774963),26.0,4.0,11.0,9.0,72.0,,,26.0,0.00015599999999693637
1185875,Kai Ming Head Start - Richmond Center,Private,-2,-1,PK,Independent / Private,CDC062,3,4,CDC,384001019.0,"426 33RD AVE, SAN FRANCISCO, CA 94121",1,6075,SAN FRANCISCO,"CA
(37.781128, -122.493202)",37.781128,-122.493202,9403,3141 Clement St,Akiba,CLEMENT,SIDEWALK,1,2,,2017,5,37.781588,-122.492813,POINT (-122.4928 37.78158),8.0,8.0,4.0,29.0,142.0,,,8.0,0.0008489999999952147
1187216,Kai Ming Head Start - Richmond Center,Private,-2,-1,PK,Independent / Private,CDC062,3,4,CDC,384001019.0,"426 33RD AVE, SAN FRANCISCO, CA 94121",1,6075,SAN FRANCISCO,"CA
(37.781128, -122.493202)",37.781128,-122.493202,11032,3131 CLEMENT ST,Art Gallery,CLEMENT,SIDEWALK,4,8,,2010,0,37.781389,-122.493045,POINT (-122.493034 37.781384),8.0,8.0,4.0,29.0,142.0,,,8.0,0.0004179999999962547
1196126,Angelas Children Center,Private,-2,-1,PK,Independent / Private,CDC003,3,4,CDC,380505898.0,"775 07TH AVE, SAN FRANCISCO, CA 94118",1,6075,SAN FRANCISCO,"CA
(37.773998, -122.465179)",37.773998,-122.465179,12559,753 7th Avenue,Safeway,7th Avenue,SIDEWALK,3,6,,2019,12,37.77435951,-122.46488405,POINT (-122.464874 37.774353),5.0,8.0,4.0,11.0,94.0,,,5.0,0.0006564600000089627
1212518,La Piccola Scuola Italiana Preschool,Private,-2,-1,PK,Independent / Private,CDC069,3,4,CDC,,"728 20TH ST, SAN FRANCISCO, CA 94107",10,6075,SAN FRANCISCO,"CA
(37.760681, -122.389198)",37.760681,-122.389198,11875,728 20TH ST,La Scuola,TENNESSEE,SIDEWALK,2,4,,2015,1,37.760616,-122.3892,POINT (-122.38918 37.76061),55.0,2.0,9.0,26.0,167.0,14.0,,55.0,6.700000000847695e-05
1217555,Parkside Preschool & Kindergarten,Private,-2,0,PK-K,Independent / Private,IND281,3,5,IND,380506198.0,"2425 19TH AVE, SAN FRANCISCO, CA 94116",4,6075,SAN FRANCISCO,"CA
(37.742615, -122.47625)",37.742615,-122.47625,11832,949 TARAVAL ST,Sunset Hydrophonic,TARAVAL,SIDEWALK,1,2,,2006,0,37.742839,-122.476394,POINT (-122.47638 37.742832),40.0,10.0,7.0,35.0,95.0,,,40.0,0.0003680000000017003
1219372,Parkside Preschool & Kindergarten,Private,-2,0,PK-K,Independent / Private,IND281,3,5,IND,380506198.0,"2425 19TH AVE, SAN FRANCISCO, CA 94116",4,6075,SAN FRANCISCO,"CA
(37.742615, -122.47625)",37.742615,-122.47625,11631,925 TARAVAL ST,DOC-FAI Martial Arts,TARAVAL,SIDEWALK,1,2,,2011,6,37.742777,-122.476156,POINT (-122.47614 37.74277),40.0,10.0,7.0,35.0,95.0,,,40.0,0.00025599999998604517
1221719,Parkside Preschool & Kindergarten,Private,-2,0,PK-K,Independent / Private,IND281,3,5,IND,380506198.0,"2425 19TH AVE, SAN FRANCISCO, CA 94116",4,6075,SAN FRANCISCO,"CA
(37.742615, -122.47625)",37.742615,-122.47625,10596,2415 19TH AVE,Seniore's Pizza,19TH,SIDEWALK,1,2,,2010,0,37.742789,-122.475857,POINT (-122.475845 37.742783),40.0,10.0,7.0,35.0,95.0,,,40.0,0.0005669999999895481
1238296,Little School,Private,-2,-1,PK,Independent / Private,CDC078,3,4,CDC,384000125.0,"1520 LYON ST, SAN FRANCISCO, CA 94115",2,6075,SAN FRANCISCO,"CA
(37.785137, -122.444717)",37.785137,-122.444717,9561,1520 LYON ST,The Little School,LYON,SIDEWALK,2,4,,2013,5,37.785131,-122.444704,POINT (-122.44469 37.785126),103.0,8.0,6.0,31.0,77.0,,,103.0,1.8999999994662176e-05
1266971,Kellys Family Day Care,Private,-2,-1,PK,Independent / Private,CDC066,3,4,CDC,,"309 30TH ST, SAN FRANCISCO, CA 94131",8,6075,SAN FRANCISCO,"CA
(37.741787, -122.427292)",37.741787,-122.427292,11250,1798 CHURCH ST,Church Produce,CHURCH,SIDEWALK,1,2,,2013,9,37.742202,-122.426797,POINT (-122.42678 37.7422),84.0,9.0,5.0,22.0,174.0,,,84.0,0.0009099999999975239
1306701,Little Tree Preschool,Private,-2,-1,PK,Independent / Private,CDC082,3,4,CDC,,"3161 MISSION ST, SAN FRANCISCO, CA 94110",9,6075,SAN FRANCISCO,"CA
(37.746403, -122.419037)",37.746403,-122.419037,10028,3151 MISSION ST,Nina's Cleaners,PRECITA,SIDEWALK,1,2,,2015,1,37.746633,-122.418965,POINT (-122.41895 37.746628),83.0,9.0,2.0,2.0,188.0,,,83.0,0.00030200000000490945
1307640,Little Tree Preschool,Private,-2,-1,PK,Independent / Private,CDC082,3,4,CDC,,"3161 MISSION ST, SAN FRANCISCO, CA 94110",9,6075,SAN FRANCISCO,"CA
(37.746403, -122.419037)",37.746403,-122.419037,9721,3160 MISSION ST,Atlas Motors and El Rio,MISSION,SIDEWALK,2,4,,2003,0,37.746669,-122.419531,POINT (-122.41952 37.746666),83.0,9.0,2.0,2.0,188.0,,,83.0,0.0007599999999996498
1308492,Little Tree Preschool,Private,-2,-1,PK,Independent / Private,CDC082,3,4,CDC,,"3161 MISSION ST, SAN FRANCISCO, CA 94110",9,6075,SAN FRANCISCO,"CA
(37.746403, -122.419037)",37.746403,-122.419037,12051,3149 MISSION ST,Baby Blues BBQ,MISSION,SIDEWALK,2,4,,2012,7,37.746868,-122.418771,POINT (-122.418755 37.746864),83.0,9.0,2.0,2.0,160.0,,,83.0,0.0007309999999947081
1308896,Little Tree Preschool,Private,-2,-1,PK,Independent / Private,CDC082,3,4,CDC,,"3161 MISSION ST, SAN FRANCISCO, CA 94110",9,6075,SAN FRANCISCO,"CA
(37.746403, -122.419037)",37.746403,-122.419037,9087,3158 MISSION ST,El Rio,MISSION,SIDEWALK,2,4,,2015,7,37.746801,-122.419459,POINT (-122.41945 37.746796),83.0,9.0,2.0,2.0,188.0,,,83.0,0.0008199999999973784
1309183,Little Tree Preschool,Private,-2,-1,PK,Independent / Private,CDC082,3,4,CDC,,"3161 MISSION ST, SAN FRANCISCO, CA 94110",9,6075,SAN FRANCISCO,"CA
(37.746403, -122.419037)",37.746403,-122.419037,9035,3174 MISSION ST,Bay Jiu-Jitsu,MISSION,SIDEWALK,2,4,,2015,8,37.746325,-122.41951,POINT (-122.419495 37.74632),83.0,9.0,2.0,2.0,188.0,,,83.0,0.0005510000000015225
1322293,Childrens Day School,Private,-2,8,PK-8,Independent / Private,IND226,3,13,IND,38684787096514.0,"333 DOLORES ST, SAN FRANCISCO, CA 94110",8,6075,SAN FRANCISCO,"CA
(37.764256, -122.425201)",37.764256,-122.425201,10862,3245 16TH ST,Creativity Explored,16TH,SIDEWALK,2,4,,2005,0,37.764463,-122.425002,POINT (-122.42499 37.764458),37.0,3.0,5.0,20.0,178.0,,,37.0,0.00040599999999102465
1323307,Childrens Day School,Private,-2,8,PK-8,Independent / Private,IND226,3,13,IND,38684787096514.0,"333 DOLORES ST, SAN FRANCISCO, CA 94110",8,6075,SAN FRANCISCO,"CA
(37.764256, -122.425201)",37.764256,-122.425201,10034,3235 16TH ST,Barnets,16TH,SIDEWALK,1,2,,2006,0,37.76447,-122.424871,POINT (-122.42486 37.764465),37.0,3.0,5.0,20.0,178.0,,,37.0,0.0005440000000049849
1323800,Childrens Day School,Private,-2,8,PK-8,Independent / Private,IND226,3,13,IND,38684787096514.0,"333 DOLORES ST, SAN FRANCISCO, CA 94110",8,6075,SAN FRANCISCO,"CA
(37.764256, -122.425201)",37.764256,-122.425201,10362,333 DOLORES ST,Children's Day School,DOLORES,SIDEWALK,5,10,,2015,1,37.763896,-122.425104,POINT (-122.425095 37.76389),37.0,3.0,5.0,20.0,178.0,,,37.0,0.00045699999999726515
1323872,Childrens Day School,Private,-2,8,PK-8,Independent / Private,IND226,3,13,IND,38684787096514.0,"333 DOLORES ST, SAN FRANCISCO, CA 94110",8,6075,SAN FRANCISCO,"CA
(37.764256, -122.425201)",37.764256,-122.425201,11175,3271 16TH ST,Laughing Lotus Yoga Center,16TH,SIDEWALK,2,4,,0,0,37.764429,-122.425586,POINT (-122.425575 37.764423),37.0,3.0,5.0,20.0,178.0,,,37.0,0.0005579999999909546
1324880,Childrens Day School,Private,-2,8,PK-8,Independent / Private,IND226,3,13,IND,38684787096514.0,"333 DOLORES ST, SAN FRANCISCO, CA 94110",8,6075,SAN FRANCISCO,"CA
(37.764256, -122.425201)",37.764256,-122.425201,9451,3271 16TH ST,Laughing Lotus Yoga Center,16TH,SIDEWALK,2,4,,2012,8,37.764429,-122.425586,POINT (-122.425575 37.764423),37.0,3.0,5.0,20.0,178.0,,,37.0,0.0005579999999909546
1352800,Cross Cultural Family Center - Turk Street Center,Private,-2,4,PK-4,Independent / Private,IND234,3,9,IND,380506340.0,"201 TURK ST, SAN FRANCISCO, CA 94102",6,6075,SAN FRANCISCO,"CA
(37.782799, -122.412865)",37.782799,-122.412865,10638,240 TURK ST,Salvation Army,TURK,SIDEWALK,2,4,,2016,10,37.782985,-122.413105,POINT (-122.41309 37.78298),20.0,5.0,10.0,36.0,18.0,6.0,1.0,20.0,0.00042600000000447835
1363332,Saint Luke School (Sls Preschool),Private,-2,-1,PK,Independent / Private,CDC131,3,4,CDC,384002543.0,"1335 SUTTER ST, SAN FRANCISCO, CA 94109",2,6075,SAN FRANCISCO,"CA
(37.787209, -122.42234)",37.787209,-122.42234,9053,1305 VAN NESS AVE,UNKNOWN,VAN NESS,SIDEWALK,1,2,,2004,0,37.787619,-122.421855,POINT (-122.421844 37.787613),100.0,4.0,6.0,21.0,11.0,,,100.0,0.000895000000014079
1368004,Buen Dia Family School,Private,-2,-1,PK,Independent / Private,CDC007,3,4,CDC,380504038.0,"589 GUERRERO ST, SAN FRANCISCO, CA 94110",8,6075,SAN FRANCISCO,"CA
(37.761932, -122.423454)",37.761932,-122.423454,12141,598 GUERRERO ST,Izakaya Yuzuki,GUERRERO,SIDEWALK,1,2,,2016,10,37.761564,-122.423892,POINT (-122.42388 37.76156),37.0,3.0,5.0,20.0,76.0,,,37.0,0.0008059999999900924
1368439,Buen Dia Family School,Private,-2,-1,PK,Independent / Private,CDC007,3,4,CDC,380504038.0,"589 GUERRERO ST, SAN FRANCISCO, CA 94110",8,6075,SAN FRANCISCO,"CA
(37.761932, -122.423454)",37.761932,-122.423454,11609,593 GUERRERO ST,18 Reasons,GUERRERO,SIDEWALK,1,2,,2004,0,37.761763,-122.423602,POINT (-122.42359 37.761757),37.0,3.0,5.0,20.0,76.0,,,37.0,0.0003169999999954598
1370698,Buen Dia Family School,Private,-2,-1,PK,Independent / Private,CDC007,3,4,CDC,380504038.0,"589 GUERRERO ST, SAN FRANCISCO, CA 94110",8,6075,SAN FRANCISCO,"CA
(37.761932, -122.423454)",37.761932,-122.423454,9341,592 GUERRERO ST,Bi Rite Offices,GUERRERO,SIDEWALK,1,2,,2016,10,37.761651,-122.423932,POINT (-122.42392 37.761646),37.0,3.0,5.0,20.0,76.0,,,37.0,0.0007589999999879637
1371100,Buen Dia Family School,Private,-2,-1,PK,Independent / Private,CDC007,3,4,CDC,380504038.0,"589 GUERRERO ST, SAN FRANCISCO, CA 94110",8,6075,SAN FRANCISCO,"CA
(37.761932, -122.423454)",37.761932,-122.423454,11905,589 GUERRERO ST,Buen Dia Family School,GUERRERO,SIDEWALK,1,2,,2004,0,37.761929,-122.42344,POINT (-122.42342 37.761925),37.0,3.0,5.0,20.0,76.0,,,37.0,1.7000000006817118e-05
1371332,Buen Dia Family School,Private,-2,-1,PK,Independent / Private,CDC007,3,4,CDC,380504038.0,"589 GUERRERO ST, SAN FRANCISCO, CA 94110",8,6075,SAN FRANCISCO,"CA
(37.761932, -122.423454)",37.761932,-122.423454,10993,599 GUERRERO ST,Pay N Save store,GUERRERO,SIDEWALK,1,2,,2011,2,37.761763,-122.423602,POINT (-122.42359 37.761757),37.0,3.0,5.0,20.0,76.0,,,37.0,0.0003169999999954598
1401820,Live Oak School,Private,0,8,K-8,Independent / Private,IND267,5,13,IND,38684786981377.0,"1555 MARIPOSA ST, SAN FRANCISCO, CA 94107",10,6075,SAN FRANCISCO,"CA
(37.763557, -122.399467)",37.763557,-122.399467,10318,1555 MARIPOSA ST,Live Oak School,MARIPOSA,SIDEWALK,2,4,,2013,3,37.763449,-122.399445,POINT (-122.39943 37.763443),54.0,2.0,9.0,26.0,34.0,,,54.0,0.0001299999999986312
1403925,Live Oak School,Private,0,8,K-8,Independent / Private,IND267,5,13,IND,38684786981377.0,"1555 MARIPOSA ST, SAN FRANCISCO, CA 94107",10,6075,SAN FRANCISCO,"CA
(37.763557, -122.399467)",37.763557,-122.399467,11037,1555 MARIPOSA ST,Live Oak School,MARIPOSA,SIDEWALK,1,2,,2003,0,37.763449,-122.399445,POINT (-122.39943 37.763443),54.0,2.0,9.0,26.0,34.0,,,54.0,0.0001299999999986312
1442542,Alt School - Dogpatch 1,Private,-1,2,TK-2,Independent / Private,IND202,4,7,IND,38684786148290.0,"2265 03RD ST, SAN FRANCISCO, CA 94107",10,6075,SAN FRANCISCO,"CA
(37.761177, -122.38813)",37.761177,-122.38813,10515,628 20TH ST,Retox Lounge,20TH,SIDEWALK,1,2,,2003,0,37.760679,-122.388215,POINT (-122.3882 37.760674),55.0,2.0,9.0,26.0,167.0,14.0,,55.0,0.00058299999999889
1444073,Alt School - Dogpatch 1,Private,-1,2,TK-2,Independent / Private,IND202,4,7,IND,38684786148290.0,"2265 03RD ST, SAN FRANCISCO, CA 94107",10,6075,SAN FRANCISCO,"CA
(37.761177, -122.38813)",37.761177,-122.38813,9722,2225 03RD ST,Dignita,03RD,SIDEWALK,1,2,,2015,6,37.761459,-122.388466,POINT (-122.38845 37.761456),55.0,2.0,9.0,26.0,167.0,14.0,,55.0,0.0006179999999886832
1444440,Alt School - Dogpatch 1,Private,-1,2,TK-2,Independent / Private,IND202,4,7,IND,38684786148290.0,"2265 03RD ST, SAN FRANCISCO, CA 94107",10,6075,SAN FRANCISCO,"CA
(37.761177, -122.38813)",37.761177,-122.38813,10876,2245 03RD ST,Triple Voodoo Brewery and Tap Room,03RD,SIDEWALK,4,8,,2015,1,37.761211,-122.38837,POINT (-122.38836 37.761204),55.0,2.0,9.0,26.0,167.0,14.0,,55.0,0.00027399999999033753
1444823,Alt School - Dogpatch 1,Private,-1,2,TK-2,Independent / Private,IND202,4,7,IND,38684786148290.0,"2265 03RD ST, SAN FRANCISCO, CA 94107",10,6075,SAN FRANCISCO,"CA
(37.761177, -122.38813)",37.761177,-122.38813,10235,810 ILLINOIS ST,Portrero Kids on Third,ILLINOIS,SIDEWALK,2,4,,2013,6,37.761178,-122.388106,POINT (-122.38809 37.761173),55.0,2.0,9.0,26.0,167.0,14.0,,55.0,2.500000000793534e-05
1444825,Alt School - Dogpatch 1,Private,-1,2,TK-2,Independent / Private,IND202,4,7,IND,38684786148290.0,"2265 03RD ST, SAN FRANCISCO, CA 94107",10,6075,SAN FRANCISCO,"CA
(37.761177, -122.38813)",37.761177,-122.38813,9764,2289 03RD ST,Sea Star,03RD,SIDEWALK,1,2,,2015,6,37.760711,-122.388325,POINT (-122.38831 37.760704),55.0,2.0,9.0,26.0,167.0,14.0,,55.0,0.0006609999999938054
1514393,Chinese American International School,Private,0,8,K-8,Independent / Private,IND227,5,13,IND,38684787021116.0,"150 OAK ST, SAN FRANCISCO, CA 94102",5,6075,SAN FRANCISCO,"CA
(37.775429, -122.422424)",37.775429,-122.422424,9107,198 GOUGH ST,20th Century Caf,GOUGH,SIDEWALK,1,2,,2016,9,37.775018,-122.42251,POINT (-122.42249 37.775013),21.0,4.0,11.0,9.0,37.0,,,21.0,0.0004969999999957508
1516800,Chinese American International School,Private,0,8,K-8,Independent / Private,IND227,5,13,IND,38684787021116.0,"150 OAK ST, SAN FRANCISCO, CA 94102",5,6075,SAN FRANCISCO,"CA
(37.775429, -122.422424)",37.775429,-122.422424,12298,261 FELL ST,Advent of Christ the King,FELL,SIDEWALK,1,2,,2012,10,37.775776,-122.422054,POINT (-122.42204 37.775772),21.0,4.0,11.0,9.0,70.0,,,21.0,0.000717000000001633
1529946,San Francisco Friends School,Private,0,8,K-8,Independent / Private,IND316,5,13,IND,38684786204762.0,"250 VALENCIA ST, SAN FRANCISCO, CA 94103",8,6075,SAN FRANCISCO,"CA
(37.768978, -122.422905)",37.768978,-122.422905,9642,260 VALENCIA ST,Pauline's Pizza,VALENCIA,SIDEWALK,1,2,,2012,4,37.768649,-122.422552,POINT (-122.42254 37.768642),37.0,3.0,5.0,20.0,178.0,,,37.0,0.000681999999997629
1530102,San Francisco Friends School,Private,0,8,K-8,Independent / Private,IND316,5,13,IND,38684786204762.0,"250 VALENCIA ST, SAN FRANCISCO, CA 94103",8,6075,SAN FRANCISCO,"CA
(37.768978, -122.422905)",37.768978,-122.422905,11206,228 VALENCIA ST,Fix Studios,VALENCIA,SIDEWALK,1,2,,2012,8,37.769332,-122.4226,POINT (-122.422585 37.769325),37.0,3.0,5.0,20.0,178.0,,,37.0,0.000658999999998855
1532068,San Francisco Friends School,Private,0,8,K-8,Independent / Private,IND316,5,13,IND,38684786204762.0,"250 VALENCIA ST, SAN FRANCISCO, CA 94103",8,6075,SAN FRANCISCO,"CA
(37.768978, -122.422905)",37.768978,-122.422905,11396,220 VALENCIA ST,SF Community Acupunture,VALENCIA,SIDEWALK,1,2,,2012,7,37.769438,-122.42261,POINT (-122.4226 37.769432),37.0,3.0,5.0,20.0,178.0,,,37.0,0.0007549999999980628
1547540,Cornerstone Academy,Private,-2,-1,PK,Independent / Private,CDC019,3,4,CDC,38684787086192.0,"1925 LAWTON ST, SAN FRANCISCO, CA 94134",4,6075,SAN FRANCISCO,"CA
(37.75742, -122.483665)",37.75742,-122.483665,12780,1925 Lawton Street,Cornerstone Academy,Lawton Street,SIDEWALK,1,2,,2019,12,37.75766164,-122.48347841,POINT (-122.48347 37.757656),39.0,10.0,7.0,35.0,61.0,,,39.0,0.00042822999999714284
1560089,Youth Chance High School,Private,9,12,9-12,Independent / Private,IND339,14,17,IND,38684786204242.0,"169 STEUART ST, SAN FRANCISCO, CA 94105",6,6075,SAN FRANCISCO,"CA
(37.792519, -122.392021)",37.792519,-122.392021,12412,169 STEUART ST,YMCA,STEUART,SIDEWALK,1,2,,2004,0,37.792694,-122.391969,POINT (-122.39195 37.79269),108.0,1.0,10.0,8.0,25.0,,,108.0,0.00022699999999531428
1560254,Youth Chance High School,Private,9,12,9-12,Independent / Private,IND339,14,17,IND,38684786204242.0,"169 STEUART ST, SAN FRANCISCO, CA 94105",6,6075,SAN FRANCISCO,"CA
(37.792519, -122.392021)",37.792519,-122.392021,11569,131 STEUART ST,Little Saigon,STEUART,SIDEWALK,1,2,,2010,0,37.793007,-122.392361,POINT (-122.39235 37.793003),108.0,1.0,10.0,8.0,25.0,,,108.0,0.0008279999999984966
1564254,Youth Chance High School,Private,9,12,9-12,Independent / Private,IND339,14,17,IND,38684786204242.0,"169 STEUART ST, SAN FRANCISCO, CA 94105",6,6075,SAN FRANCISCO,"CA
(37.792519, -122.392021)",37.792519,-122.392021,9510,180 STEUART ST,USPS,STEUART,SIDEWALK,1,2,,2010,11,37.792244,-122.392238,POINT (-122.39223 37.79224),108.0,1.0,10.0,8.0,25.0,,,108.0,0.0004920000000083746
1565116,Youth Chance High School,Private,9,12,9-12,Independent / Private,IND339,14,17,IND,38684786204242.0,"169 STEUART ST, SAN FRANCISCO, CA 94105",6,6075,SAN FRANCISCO,"CA
(37.792519, -122.392021)",37.792519,-122.392021,9347,161 STEUART ST,Ozumo Restaurant,STEUART,SIDEWALK,2,4,,2011,11,37.792694,-122.391969,POINT (-122.39195 37.79269),108.0,1.0,10.0,8.0,25.0,,,108.0,0.00022699999999531428
1568282,Nihonmachi Little Friends - After School Program,Private,-2,-1,PK,Independent / Private,CDC112,3,4,CDC,380504889.0,"1700 SUTTER ST, SAN FRANCISCO, CA 94115",5,6075,SAN FRANCISCO,"CA
(37.786919, -122.428688)",37.786919,-122.428688,9435,1716 SUTTER ST,Nihonmachi Little Friends,SUTTER,SIDEWALK,1,2,,2015,1,37.786988,-122.428917,POINT (-122.4289 37.786983),101.0,4.0,11.0,30.0,78.0,,,101.0,0.00029800000000790305
1571062,Presidio Preschool,Private,-2,-1,PK,Independent / Private,CDC125,3,4,CDC,384002067.0,"143 CLEMENT ST, SAN FRANCISCO, CA 94118",1,6075,SAN FRANCISCO,"CA
(37.782864, -122.460831)",37.782864,-122.460831,12735,327 3rd Ave,Sloat Garden Center,3rd Ave,SIDEWALK,1,2,,2019,12,37.7824852,-122.46117267,POINT (-122.46116 37.782482),5.0,8.0,4.0,11.0,98.0,,,5.0,0.0007204699999903141
1572183,Presidio Preschool,Private,-2,-1,PK,Independent / Private,CDC125,3,4,CDC,384002067.0,"143 CLEMENT ST, SAN FRANCISCO, CA 94118",1,6075,SAN FRANCISCO,"CA
(37.782864, -122.460831)",37.782864,-122.460831,11350,151 CLEMENT ST,Giorgio's Pizza,CLEMENT,SIDEWALK,2,4,,2016,7,37.783043,-122.460678,POINT (-122.46066 37.78304),5.0,8.0,4.0,11.0,98.0,,,5.0,0.000332000000000221
1572359,Presidio Preschool,Private,-2,-1,PK,Independent / Private,CDC125,3,4,CDC,384002067.0,"143 CLEMENT ST, SAN FRANCISCO, CA 94118",1,6075,SAN FRANCISCO,"CA
(37.782864, -122.460831)",37.782864,-122.460831,9133,151 CLEMENT ST,Girogio's Pizzeria,CLEMENT,SIDEWALK,2,4,,2010,0,37.782852,-122.461,POINT (-122.46098 37.78285),5.0,8.0,4.0,11.0,98.0,,,5.0,0.00018099999999776628
1573335,Presidio Preschool,Private,-2,-1,PK,Independent / Private,CDC125,3,4,CDC,384002067.0,"143 CLEMENT ST, SAN FRANCISCO, CA 94118",1,6075,SAN FRANCISCO,"CA
(37.782864, -122.460831)",37.782864,-122.460831,12151,143 Clement,Presidio Preschool,CLEMENT,SIDEWALK,1,2,,2016,11,37.783047,-122.460595,POINT (-122.46058 37.783043),5.0,8.0,4.0,11.0,98.0,,,5.0,0.0004190000000079408
1573678,Presidio Preschool,Private,-2,-1,PK,Independent / Private,CDC125,3,4,CDC,384002067.0,"143 CLEMENT ST, SAN FRANCISCO, CA 94118",1,6075,SAN FRANCISCO,"CA
(37.782864, -122.460831)",37.782864,-122.460831,12401,130 Clement,The Spanish Table,CLEMENT,SIDEWALK,1,2,,2016,11,37.783189,-122.460482,POINT (-122.46047 37.783184),5.0,8.0,4.0,11.0,98.0,,,5.0,0.0006740000000036162
1573780,Presidio Preschool,Private,-2,-1,PK,Independent / Private,CDC125,3,4,CDC,384002067.0,"143 CLEMENT ST, SAN FRANCISCO, CA 94118",1,6075,SAN FRANCISCO,"CA
(37.782864, -122.460831)",37.782864,-122.460831,9297,152 CLEMENT ST,CitiKids,CLEMENT,SIDEWALK,1,2,,2002,0,37.783345,-122.461036,POINT (-122.46102 37.78334),5.0,8.0,4.0,11.0,98.0,,,5.0,0.0006859999999946353
1574710,Presidio Preschool,Private,-2,-1,PK,Independent / Private,CDC125,3,4,CDC,384002067.0,"143 CLEMENT ST, SAN FRANCISCO, CA 94118",1,6075,SAN FRANCISCO,"CA
(37.782864, -122.460831)",37.782864,-122.460831,10158,127 Clement,B Star,CLEMENT,SIDEWALK,1,2,,2016,11,37.783054,-122.460431,POINT (-122.46042 37.78305),5.0,8.0,4.0,11.0,98.0,,,5.0,0.0005900000000025329
1574841,Presidio Preschool,Private,-2,-1,PK,Independent / Private,CDC125,3,4,CDC,384002067.0,"143 CLEMENT ST, SAN FRANCISCO, CA 94118",1,6075,SAN FRANCISCO,"CA
(37.782864, -122.460831)",37.782864,-122.460831,11777,116 Clement,Plough and the Stars,CLEMENT,SIDEWALK,2,4,,2016,11,37.783196,-122.460339,POINT (-122.46033 37.78319),5.0,8.0,4.0,11.0,98.0,,,5.0,0.0008239999999943848
1581385,Compass Clara House,Private,-2,-1,PK,Independent / Private,CDC016,3,4,CDC,384000989.0,"111 PAGE ST, SAN FRANCISCO, CA 94102",5,6075,SAN FRANCISCO,"CA
(37.773743, -122.423042)",37.773743,-122.423042,11529,144 PAGE ST,Nick's Supermarket,PAGE,SIDEWALK,2,4,,2010,10,37.774238,-122.423219,POINT (-122.4232 37.774235),26.0,4.0,11.0,9.0,37.0,,,26.0,0.0006720000000015602
1601875,ABC Preschool,Private,-2,-1,PK,Independent / Private,CDC001,3,4,CDC,380506527.0,"426 33RD AVE, SAN FRANCISCO, CA 94121",1,6075,SAN FRANCISCO,"CA
(37.781139, -122.493042)",37.781139,-122.493042,9403,3141 Clement St,Akiba,CLEMENT,SIDEWALK,1,2,,2017,5,37.781588,-122.492813,POINT (-122.4928 37.78158),8.0,8.0,4.0,29.0,142.0,,,8.0,0.0006780000000006225
1602314,ABC Preschool,Private,-2,-1,PK,Independent / Private,CDC001,3,4,CDC,380506527.0,"426 33RD AVE, SAN FRANCISCO, CA 94121",1,6075,SAN FRANCISCO,"CA
(37.781139, -122.493042)",37.781139,-122.493042,11323,3119 Clement St,Garden House Cafe,CLEMENT,SIDEWALK,2,4,,2017,5,37.781598,-122.492587,POINT (-122.49258 37.781593),8.0,8.0,4.0,29.0,142.0,,,8.0,0.0009140000000016357
1602808,ABC Preschool,Private,-2,-1,PK,Independent / Private,CDC001,3,4,CDC,380506527.0,"426 33RD AVE, SAN FRANCISCO, CA 94121",1,6075,SAN FRANCISCO,"CA
(37.781139, -122.493042)",37.781139,-122.493042,9336,3129 Clement St,Tee Off Bar & Grill,CLEMENT,SIDEWALK,1,2,,2017,5,37.781593,-122.49269,POINT (-122.492676 37.78159),8.0,8.0,4.0,29.0,142.0,,,8.0,0.0008060000000043033
1603216,ABC Preschool,Private,-2,-1,PK,Independent / Private,CDC001,3,4,CDC,380506527.0,"426 33RD AVE, SAN FRANCISCO, CA 94121",1,6075,SAN FRANCISCO,"CA
(37.781139, -122.493042)",37.781139,-122.493042,11032,3131 CLEMENT ST,Art Gallery,CLEMENT,SIDEWALK,4,8,,2010,0,37.781389,-122.493045,POINT (-122.493034 37.781384),8.0,8.0,4.0,29.0,142.0,,,8.0,0.000252999999986514
1608642,Saint Thomas The Apostle Elementary School,Private,0,8,K-8,Independent / Private,IND308,5,13,IND,38684786980668.0,"3801 BALBOA ST, SAN FRANCISCO, CA 94121",1,6075,SAN FRANCISCO,"CA
(37.775097, -122.499771)",37.775097,-122.499771,10156,3795 Balboa,Archery Shop,BALBOA,SIDEWALK,2,4,,2016,10,37.775553,-122.499377,POINT (-122.49937 37.775547),8.0,8.0,4.0,29.0,145.0,,,8.0,0.0008499999999997954
1611080,Saint Thomas The Apostle Elementary School,Private,0,8,K-8,Independent / Private,IND308,5,13,IND,38684786980668.0,"3801 BALBOA ST, SAN FRANCISCO, CA 94121",1,6075,SAN FRANCISCO,"CA
(37.775097, -122.499771)",37.775097,-122.499771,11639,3795 Balboa,Various,BALBOA,SIDEWALK,1,2,,2017,5,37.775553,-122.499377,POINT (-122.49937 37.775547),8.0,8.0,4.0,29.0,145.0,,,8.0,0.0008499999999997954
1636452,South Of Market Child Care - Judith Baker Child Development Center,Private,-2,-1,PK,Independent / Private,CDC136,3,4,CDC,384001365.0,"685 NATOMA ST, SAN FRANCISCO, CA 94103",6,6075,SAN FRANCISCO,"CA
(37.776806, -122.411476)",37.776806,-122.411476,11400,191 08TH ST,Harvest Urban Market,08TH,SIDEWALK,1,2,,0,0,37.776803,-122.411461,POINT (-122.411446 37.7768),32.0,1.0,10.0,34.0,181.0,,1.0,32.0,1.7999999990081506e-05
1637108,South Of Market Child Care - Judith Baker Child Development Center,Private,-2,-1,PK,Independent / Private,CDC136,3,4,CDC,384001365.0,"685 NATOMA ST, SAN FRANCISCO, CA 94103",6,6075,SAN FRANCISCO,"CA
(37.776806, -122.411476)",37.776806,-122.411476,11101,191 08TH ST,Harvest Urban Market,08TH,SIDEWALK,1,2,,2015,10,37.776467,-122.411792,POINT (-122.41178 37.776463),32.0,1.0,10.0,34.0,181.0,,1.0,32.0,0.0006550000000160594
1637559,South Of Market Child Care - Judith Baker Child Development Center,Private,-2,-1,PK,Independent / Private,CDC136,3,4,CDC,384001365.0,"685 NATOMA ST, SAN FRANCISCO, CA 94103",6,6075,SAN FRANCISCO,"CA
(37.776806, -122.411476)",37.776806,-122.411476,9431,1166 HOWARD ST,Ralph Gracie Jiu Jitsu,HOWARD,SIDEWALK,2,4,,2013,1,37.776803,-122.411461,POINT (-122.411446 37.7768),32.0,1.0,10.0,34.0,181.0,,1.0,32.0,1.7999999990081506e-05
1638155,Wah Mei School,Private,-2,-1,PK,Independent / Private,CDC154,3,4,CDC,380504314.0,"1400 JUDAH ST, SAN FRANCISCO, CA 94122",4,6075,SAN FRANCISCO,"CA
(37.76186, -122.477371)",37.76186,-122.477371,11110,1400 JUDAH ST,Wah Mei School,19TH,SIDEWALK,1,2,,2015,6,37.76187,-122.477501,POINT (-122.477486 37.761864),39.0,10.0,7.0,35.0,62.0,,,39.0,0.00014000000000180535
1652476,C5 Childrens School - Sf City Building Center,Private,-2,-1,PK,Independent / Private,CDC008,3,4,CDC,384000654.0,"525 GOLDEN GATE AVE, SAN FRANCISCO, CA 94102",6,6075,SAN FRANCISCO,"CA
(37.781109, -122.418922)",37.781109,-122.418922,9078,525 GOLDEN GATE AVE,SFPUC,GOLDEN GATE,SIDEWALK,1,2,,2012,0,37.780924,-122.419161,POINT (-122.41915 37.78092),21.0,4.0,10.0,36.0,132.0,8.0,1.0,21.0,0.00042400000000952787
1654525,Saint Cecilia School,Private,0,8,K-8,Independent / Private,IND292,5,13,IND,38684786981690.0,"600 VICENTE ST, SAN FRANCISCO, CA 94116",7,6075,SAN FRANCISCO,"CA
(37.739872, -122.473602)",37.739872,-122.473602,9314,600 VICENTE ST,St. Cecila's School,VICENTE,SIDEWALK,3,6,,2013,1,37.739866,-122.473588,POINT (-122.47357 37.73986),46.0,10.0,8.0,41.0,149.0,,,46.0,1.9999999992137418e-05
1663489,Mission Dolores Academy,Private,0,8,K-8,Independent / Private,IND274,5,13,IND,38684786981716.0,"3399 16TH ST, SAN FRANCISCO, CA 94114",8,6075,SAN FRANCISCO,"CA
(37.764122, -122.428284)",37.764122,-122.428284,11480,445 CHURCH ST,Children's Council of San Francisco,CHURCH,SIDEWALK,1,2,,2003,0,37.763749,-122.428192,POINT (-122.42818 37.763744),37.0,3.0,5.0,5.0,88.0,,,37.0,0.00046500000001259423
1663546,Mission Dolores Academy,Private,0,8,K-8,Independent / Private,IND274,5,13,IND,38684786981716.0,"3399 16TH ST, SAN FRANCISCO, CA 94114",8,6075,SAN FRANCISCO,"CA
(37.764122, -122.428284)",37.764122,-122.428284,9781,445 CHURCH ST,Children's Council of San Francisco,CHURCH,SIDEWALK,1,2,,2002,0,37.763749,-122.428192,POINT (-122.42818 37.763744),37.0,3.0,5.0,5.0,88.0,,,37.0,0.00046500000001259423
1663891,Mission Dolores Academy,Private,0,8,K-8,Independent / Private,IND274,5,13,IND,38684786981716.0,"3399 16TH ST, SAN FRANCISCO, CA 94114",8,6075,SAN FRANCISCO,"CA
(37.764122, -122.428284)",37.764122,-122.428284,10923,445 CHURCH ST,Children's Council of San Francisco,CHURCH,SIDEWALK,1,2,,2002,0,37.763749,-122.428192,POINT (-122.42818 37.763744),37.0,3.0,5.0,5.0,88.0,,,37.0,0.00046500000001259423
1666602,Marin Day School - Hills Plaza,Private,-4,-2,INF,Independent / Private,CDC089,1,3,CDC,384001299.0,"2 HARRISON ST, STE 150, SAN FRANCISCO, CA 94105",6,6075,SAN FRANCISCO,"CA
(37.789803, -122.389755)",37.789803,-122.389755,9068,None,Market Battery Plaza,BUSH,SIDEWALK,13,26,,2015,1,37.789953,-122.390221,POINT (-122.390205 37.789948),30.0,1.0,10.0,8.0,25.0,3.0,,30.0,0.0006160000000008381
1669103,Marin Day School - Hills Plaza,Private,-4,-2,INF,Independent / Private,CDC089,1,3,CDC,384001299.0,"2 HARRISON ST, STE 150, SAN FRANCISCO, CA 94105",6,6075,SAN FRANCISCO,"CA
(37.789803, -122.389755)",37.789803,-122.389755,12074,2 HARRISON ST,UNKNOWN,HARRISON,SIDEWALK,1,2,,2003,0,37.789798,-122.389744,POINT (-122.38973 37.789795),30.0,1.0,10.0,8.0,25.0,3.0,,30.0,1.6000000002236447e-05
1671020,Alt School - Alamo Square,Private,0,5,K-5,Independent / Private,IND201,5,10,IND,38684786148274.0,"735 FELL ST, SAN FRANCISCO, CA 94117",5,6075,SAN FRANCISCO,"CA
(37.774788, -122.430206)",37.774788,-122.430206,11851,735 FELL ST,La Scuola,FELL,SIDEWALK,2,4,,2015,9,37.774969,-122.429938,POINT (-122.429924 37.774963),26.0,4.0,11.0,9.0,72.0,,,26.0,0.0004489999999890415
1681091,South Of Market Child Care - Yerba Buena Gardens Child Development Center,Private,-2,-1,PK,Independent / Private,CDC137,3,4,CDC,384000406.0,"790 FOLSOM ST, SAN FRANCISCO, CA 94107",6,6075,SAN FRANCISCO,"CA
(37.783512, -122.40081)",37.783512,-122.40081,10260,701 HOWARD ST,Zeum Museum,HOWARD,SIDEWALK,1,2,,2002,0,37.783508,-122.4008,POINT (-122.40079 37.783504),32.0,1.0,10.0,34.0,36.0,4.0,,32.0,1.4000000007285962e-05
1682475,South Of Market Child Care - Yerba Buena Gardens Child Development Center,Private,-2,-1,PK,Independent / Private,CDC137,3,4,CDC,384000406.0,"790 FOLSOM ST, SAN FRANCISCO, CA 94107",6,6075,SAN FRANCISCO,"CA
(37.783512, -122.40081)",37.783512,-122.40081,9045,204 03RD ST,Moscone Center,03RD,SIDEWALK,1,2,,2003,0,37.783508,-122.4008,POINT (-122.40079 37.783504),32.0,1.0,10.0,34.0,36.0,4.0,,32.0,1.4000000007285962e-05
1683036,South Of Market Child Care - Yerba Buena Gardens Child Development Center,Private,-2,-1,PK,Independent / Private,CDC137,3,4,CDC,384000406.0,"790 FOLSOM ST, SAN FRANCISCO, CA 94107",6,6075,SAN FRANCISCO,"CA
(37.783512, -122.40081)",37.783512,-122.40081,11034,747 HOWARD ST,Moscone Center,HOWARD,SIDEWALK,3,6,,2010,11,37.783508,-122.4008,POINT (-122.40079 37.783504),32.0,1.0,10.0,34.0,36.0,4.0,,32.0,1.4000000007285962e-05
1683306,South Of Market Child Care - Yerba Buena Gardens Child Development Center,Private,-2,-1,PK,Independent / Private,CDC137,3,4,CDC,384000406.0,"790 FOLSOM ST, SAN FRANCISCO, CA 94107",6,6075,SAN FRANCISCO,"CA
(37.783512, -122.40081)",37.783512,-122.40081,9694,204 03RD ST,Moscone Center,03RD,SIDEWALK,1,2,,2003,0,37.783508,-122.4008,POINT (-122.40079 37.783504),32.0,1.0,10.0,34.0,36.0,4.0,,32.0,1.4000000007285962e-05
1697582,Pacific Primary - Orange Sun School,Private,-2,-1,PK,Independent / Private,CDC118,3,4,CDC,384001816.0,"1501 GROVE ST, SAN FRANCISCO, CA 94117",5,6075,SAN FRANCISCO,"CA
(37.775284, -122.441605)",37.775284,-122.441605,11071,1501 GROVE ST,Pacific Primary School,GROVE,SIDEWALK,2,4,,2010,0,37.775278,-122.441593,POINT (-122.44158 37.775272),24.0,7.0,11.0,18.0,71.0,,,24.0,1.7999999997186933e-05
1714400,French American International School,Private,0,12,K-12,Independent / Private,IND243,5,17,IND,38684786981195.0,"150 OAK ST, SAN FRANCISCO, CA 94102",5,6075,SAN FRANCISCO,"CA
(37.775456, -122.421577)",37.775456,-122.421577,12298,261 FELL ST,Advent of Christ the King,FELL,SIDEWALK,1,2,,2012,10,37.775776,-122.422054,POINT (-122.42204 37.775772),21.0,4.0,11.0,9.0,70.0,,,21.0,0.0007970000000057098
1715129,French American International School,Private,0,12,K-12,Independent / Private,IND243,5,17,IND,38684786981195.0,"150 OAK ST, SAN FRANCISCO, CA 94102",5,6075,SAN FRANCISCO,"CA
(37.775456, -122.421577)",37.775456,-122.421577,11745,193 FRANKLIN ST,Mes Amis 193,FRANKLIN,SIDEWALK,1,2,,2015,1,37.77588,-122.421328,POINT (-122.42132 37.775875),21.0,4.0,11.0,9.0,70.0,8.0,,21.0,0.0006729999999990355
1734079,Saint James Preschool (Episcopal Church),Private,-2,-1,PK,Independent / Private,CDC130,3,4,CDC,380500619.0,"4620 CALIFORNIA ST, SAN FRANCISCO, CA 94118",1,6075,SAN FRANCISCO,"CA
(37.784939, -122.467201)",37.784939,-122.467201,11698,4620 CALIFORNIA ST,St James Episcopal Church,CALIFORNIA,SIDEWALK,1,2,,2003,0,37.784934,-122.467188,POINT (-122.46718 37.784927),5.0,8.0,4.0,11.0,97.0,,,5.0,1.8000000011397788e-05
1760166,Kids Kollege Preschool,Private,-2,-1,PK,Independent / Private,CDC067,3,4,CDC,380505246.0,"3939 LAWTON ST, SAN FRANCISCO, CA 94122",4,6075,SAN FRANCISCO,"CA
(37.756462, -122.505241)",37.756462,-122.505241,9165,3939 Lawton Street,Kids Kollege Preschool,LAWTON,SIDEWALK,1,2,,2017,2,37.756653,-122.505012,POINT (-122.505 37.75665),39.0,10.0,7.0,35.0,103.0,,,39.0,0.00042000000000541604
1778406,Alt School - Yerba Buena,Private,-1,8,TK-8,Independent / Private,IND208,4,13,IND,,"300 04TH ST, SAN FRANCISCO, CA 94107",6,6075,SAN FRANCISCO,"CA
(37.781742, -122.401199)",37.781742,-122.401199,11322,795 FOLSOM ST,Subway,FOLSOM,SIDEWALK,1,2,,2013,1,37.782052,-122.400852,POINT (-122.40084 37.782047),32.0,1.0,10.0,34.0,36.0,4.0,,32.0,0.0006570000000039045
1778989,Alt School - Yerba Buena,Private,-1,8,TK-8,Independent / Private,IND208,4,13,IND,,"300 04TH ST, SAN FRANCISCO, CA 94107",6,6075,SAN FRANCISCO,"CA
(37.781742, -122.401199)",37.781742,-122.401199,12819,795 Folsom Street,Regus,Folsom Street,SIDEWALK,2,4,,2019,12,37.78213883,-122.40099995,POINT (-122.400986 37.782135),32.0,1.0,10.0,34.0,36.0,4.0,,32.0,0.0005958800000058773
1782721,Alt School - Yerba Buena,Private,-1,8,TK-8,Independent / Private,IND208,4,13,IND,,"300 04TH ST, SAN FRANCISCO, CA 94107",6,6075,SAN FRANCISCO,"CA
(37.781742, -122.401199)",37.781742,-122.401199,12811,790 Folsom St,Yerba Buena Ice Skating and Bowling Center,Folsom St,SIDEWALK,3,6,,2019,12,37.7821966,-122.40095624,POINT (-122.40094 37.782192),32.0,1.0,10.0,34.0,36.0,4.0,,32.0,0.000697360000003755
1784881,True Sunshine Preschool Center,Private,-2,-1,PK,Independent / Private,CDC148,3,4,CDC,380504311.0,"777 STOCKTON ST STE 201, SAN FRANCISCO, CA 94108",3,6075,SAN FRANCISCO,"CA
(37.792976, -122.407844)",37.792976,-122.407844,12762,99 stockton,Barneys,stockton,SIDEWALK,2,4,,2019,12,37.79280251,-122.40766041,POINT (-122.407646 37.792797),16.0,6.0,3.0,6.0,42.0,,,16.0,0.0003570799999934593
1795718,Brightworks,Private,0,8,K-8,Independent / Private,IND222,5,13,IND,38684786142079.0,"1900 BRYANT ST, SAN FRANCISCO, CA 94110",9,6075,SAN FRANCISCO,"CA
(37.762238, -122.410377)",37.762238,-122.410377,12327,1960 BRYANT ST,Brightworks School,BRYANT,SIDEWALK,2,4,,2015,1,37.762212,-122.410186,POINT (-122.41017 37.762207),53.0,3.0,2.0,20.0,169.0,,,53.0,0.000217000000006351
1797080,Brightworks,Private,0,8,K-8,Independent / Private,IND222,5,13,IND,38684786142079.0,"1900 BRYANT ST, SAN FRANCISCO, CA 94110",9,6075,SAN FRANCISCO,"CA
(37.762238, -122.410377)",37.762238,-122.410377,9494,2727 MARIPOSA ST,Bay Area Video Coalition and Starbucks,MARIPOSA,SIDEWALK,1,2,,2002,0,37.762682,-122.410722,POINT (-122.410706 37.762676),53.0,3.0,2.0,20.0,169.0,,,53.0,0.0007890000000045916
1801519,Proof School,Private,6,12,6-12,Independent / Private,IND285,11,17,IND,38684786150254.0,"555 POST ST, SAN FRANCISCO, CA 94102",3,6075,SAN FRANCISCO,"CA
(37.787655, -122.410942)",37.787655,-122.410942,12203,555 Post Street,Commonwealth Club of CA,POST,SIDEWALK,3,6,,2016,8,37.787899,-122.410943,POINT (-122.41093 37.787895),50.0,6.0,3.0,36.0,19.0,5.0,,50.0,0.00024499999999960664
1846360,Drew School,Private,9,12,9-12,Independent / Private,IND237,14,17,IND,38684786939557.0,"2901 CALIFORNIA ST, SAN FRANCISCO, CA 94115",2,6075,SAN FRANCISCO,"CA
(37.787643, -122.442322)",37.787643,-122.442322,12686,1903 Broderick Street,,Broderick Street,SIDEWALK,1,2,,2019,12,37.78796189,-122.44214162,POINT (-122.44213 37.787956),102.0,8.0,6.0,30.0,7.0,,,102.0,0.0004992699999988304
1848719,Drew School,Private,9,12,9-12,Independent / Private,IND237,14,17,IND,38684786939557.0,"2901 CALIFORNIA ST, SAN FRANCISCO, CA 94115",2,6075,SAN FRANCISCO,"CA
(37.787643, -122.442322)",37.787643,-122.442322,10281,2901 CALIFORNIA ST,DREW Prepatrory School,CALIFORNIA,SIDEWALK,1,2,,2004,0,37.787508,-122.442347,POINT (-122.44234 37.787502),103.0,8.0,6.0,30.0,5.0,,,103.0,0.00015999999999394277
1858582,Kai Ming Head Start - Saint Luke Center,Private,-2,-1,PK,Independent / Private,CDC063,3,4,CDC,384002582.0,"1755 CLAY ST, SAN FRANCISCO, CA 94109",3,6075,SAN FRANCISCO,"CA
(37.792061, -122.42215)",37.792061,-122.42215,11668,1800 VAN NESS AVE,new development,CLAY,SIDEWALK,1,2,,2014,8,37.792544,-122.422279,POINT (-122.422264 37.792538),105.0,4.0,3.0,32.0,45.0,,,105.0,0.0006120000000038317
1869302,Glen Park Montessori Preschool,Private,-2,-1,PK,Independent / Private,CDC043,3,4,CDC,384000740.0,"649 CHENERY ST, SAN FRANCISCO, CA 94131",8,6075,SAN FRANCISCO,"CA
(37.734295, -122.432915)",37.734295,-122.432915,9674,653 CHENERY ST,Cara Glass & Sash,CHENERY,SIDEWALK,1,2,,2010,0,37.734297,-122.432992,POINT (-122.432976 37.73429),96.0,9.0,5.0,10.0,172.0,,,96.0,7.899999999949614e-05
1870317,Glen Park Montessori Preschool,Private,-2,-1,PK,Independent / Private,CDC043,3,4,CDC,384000740.0,"649 CHENERY ST, SAN FRANCISCO, CA 94131",8,6075,SAN FRANCISCO,"CA
(37.734295, -122.432915)",37.734295,-122.432915,10648,669 CHENERY ST,The Park Salon,CHENERY,SIDEWALK,1,2,,2004,0,37.734354,-122.43324,POINT (-122.43323 37.73435),96.0,9.0,5.0,10.0,172.0,,,96.0,0.00038400000000393675
1879336,Wu Yee Child Development Center - Bayview,Private,-2,-1,PK,Independent / Private,CDC156,3,4,CDC,384002433.0,"1601 LANE ST, SAN FRANCISCO, CA 94124",10,6075,SAN FRANCISCO,"CA
(37.731804, -122.38958)",37.731804,-122.38958,12125,1601 LANE ST,YMCA Bay View,LANE,SIDEWALK,3,6,,2011,6,37.7318,-122.389568,POINT (-122.38956 37.731796),86.0,2.0,9.0,1.0,161.0,,,86.0,1.599999999513102e-05
1880175,Wu Yee Child Development Center - Bayview,Private,-2,-1,PK,Independent / Private,CDC156,3,4,CDC,384002433.0,"1601 LANE ST, SAN FRANCISCO, CA 94124",10,6075,SAN FRANCISCO,"CA
(37.731804, -122.38958)",37.731804,-122.38958,11048,1601 Lane St.,Bayview YMCA,LANE,SIDEWALK,1,2,,2016,7,37.732231,-122.389547,POINT (-122.389534 37.732227),86.0,2.0,9.0,1.0,161.0,,,86.0,0.00046000000000390173
1886281,Wu Yee Child Development Center - South East,Private,-2,-1,PK,Independent / Private,CDC166,3,4,CDC,384002516.0,"1300 PHELPS ST, SAN FRANCISCO, CA 94124",10,6075,SAN FRANCISCO,"CA
(37.737419, -122.393837)",37.737419,-122.393837,10643,1800 OAKDALE AVE,UNKNOWN,OAKDALE,SIDEWALK,1,2,,2004,0,37.737048,-122.394116,POINT (-122.394104 37.73704),86.0,2.0,9.0,1.0,21.0,,,86.0,0.000649999999993156
1918715,Little People Preschool ,Private,-2,0,PK-K,Independent / Private,IND266,3,5,IND,384001910.0,"3595 TARAVAL ST, SAN FRANCISCO, CA 94116",4,6075,SAN FRANCISCO,"CA
(37.741543, -122.504295)",37.741543,-122.504295,12832,3560 Taraval,Tunnel Records + Beach Goods,Taraval,SIDEWALK,2,4,,2019,12,37.74179281,-122.50418151,POINT (-122.504166 37.741787),39.0,10.0,7.0,35.0,102.0,,,39.0,0.00036330000000361906
1934104,Zion Lutheran School,Private,0,8,K-8,Independent / Private,IND340,5,13,IND,38684786980890.0,"495 09TH AVE, SAN FRANCISCO, CA 94118",1,6075,SAN FRANCISCO,"CA
(37.77924, -122.467636)",37.77924,-122.467636,10860,495 09TH AVE,Zion Lutheran Church,09TH,SIDEWALK,1,2,,2003,0,37.779236,-122.46762,POINT (-122.467606 37.779232),5.0,8.0,4.0,11.0,94.0,,,5.0,2.0000000006348273e-05
1934530,Our Victorian Schoolhouse,Private,-2,-1,PK,Independent / Private,CDC117,3,4,CDC,384001973.0,"823 DIVISIDERO ST, SAN FRANCISCO, CA 94117",5,6075,SAN FRANCISCO,"CA
(37.777241, -122.438637)",37.777241,-122.438637,12544,1335 Fulton Street,Ju Ni,Fulton Street,SIDEWALK,1,2,,2019,12,37.77676776,-122.43880486,POINT (-122.43879 37.776764),24.0,7.0,11.0,9.0,1.0,,,24.0,0.0006411000000028366
1935015,Our Victorian Schoolhouse,Private,-2,-1,PK,Independent / Private,CDC117,3,4,CDC,384001973.0,"823 DIVISIDERO ST, SAN FRANCISCO, CA 94117",5,6075,SAN FRANCISCO,"CA
(37.777241, -122.438637)",37.777241,-122.438637,9311,803 DIVISADERO ST,Film Yard Video,DIVISADERO,SIDEWALK,1,2,,2002,0,37.777077,-122.438427,POINT (-122.438416 37.777073),97.0,7.0,11.0,39.0,38.0,,,97.0,0.0003739999999936572
1936825,Our Victorian Schoolhouse,Private,-2,-1,PK,Independent / Private,CDC117,3,4,CDC,384001973.0,"823 DIVISIDERO ST, SAN FRANCISCO, CA 94117",5,6075,SAN FRANCISCO,"CA
(37.777241, -122.438637)",37.777241,-122.438637,12529,1312 Fulton Street,Apartment/Residential,Fulton Street,SIDEWALK,1,2,,2019,12,37.77682208,-122.43850872,POINT (-122.43849 37.776817),97.0,7.0,11.0,39.0,38.0,,,97.0,0.0005471999999926425
1937690,Our Victorian Schoolhouse,Private,-2,-1,PK,Independent / Private,CDC117,3,4,CDC,384001973.0,"823 DIVISIDERO ST, SAN FRANCISCO, CA 94117",5,6075,SAN FRANCISCO,"CA
(37.777241, -122.438637)",37.777241,-122.438637,12835,824 Divisadero Street,Che Fico,Divisadero Street,SIDEWALK,2,4,,2019,12,37.77713733,-122.43817031,POINT (-122.438156 37.777134),23.0,4.0,11.0,39.0,38.0,,,23.0,0.0005703599999904441
1937743,Our Victorian Schoolhouse,Private,-2,-1,PK,Independent / Private,CDC117,3,4,CDC,384001973.0,"823 DIVISIDERO ST, SAN FRANCISCO, CA 94117",5,6075,SAN FRANCISCO,"CA
(37.777241, -122.438637)",37.777241,-122.438637,10563,813 DIVISADERO ST,Everlasting Tattoo,DIVISADERO,SIDEWALK,1,2,,2010,10,37.777124,-122.438439,POINT (-122.43842 37.77712),97.0,7.0,11.0,39.0,38.0,,,97.0,0.0003149999999934039
1937876,Our Victorian Schoolhouse,Private,-2,-1,PK,Independent / Private,CDC117,3,4,CDC,384001973.0,"823 DIVISIDERO ST, SAN FRANCISCO, CA 94117",5,6075,SAN FRANCISCO,"CA
(37.777241, -122.438637)",37.777241,-122.438637,11467,823 DIVISADERO ST,Our Victorian Schoolhouse,DIVISADERO,SIDEWALK,1,2,,2015,1,37.777237,-122.438626,POINT (-122.438614 37.777233),97.0,7.0,11.0,39.0,38.0,,,97.0,1.4999999997655777e-05
1938298,Our Victorian Schoolhouse,Private,-2,-1,PK,Independent / Private,CDC117,3,4,CDC,384001973.0,"823 DIVISIDERO ST, SAN FRANCISCO, CA 94117",5,6075,SAN FRANCISCO,"CA
(37.777241, -122.438637)",37.777241,-122.438637,12247,855 Divisidero St,El Rancho Grande Taqueria,DIVISADERO,SIDEWALK,1,2,,2017,4,37.777353,-122.438418,POINT (-122.43841 37.777348),97.0,7.0,11.0,39.0,38.0,,,97.0,0.00033100000000274576
1939407,Our Victorian Schoolhouse,Private,-2,-1,PK,Independent / Private,CDC117,3,4,CDC,384001973.0,"823 DIVISIDERO ST, SAN FRANCISCO, CA 94117",5,6075,SAN FRANCISCO,"CA
(37.777241, -122.438637)",37.777241,-122.438637,9145,1300 FULTON ST,Cafe Abir,FULTON,SIDEWALK,1,2,,2002,0,37.776988,-122.438416,POINT (-122.4384 37.77698),97.0,7.0,11.0,39.0,38.0,,,97.0,0.0004739999999898714
1940468,Nihonmachi Little Friends - Bush St,Private,-2,-1,PK,Independent / Private,CDC113,3,4,CDC,380504390.0,"2031 BUSH ST, SAN FRANCISCO, CA 94115",5,6075,SAN FRANCISCO,"CA
(37.78709, -122.430588)",37.78709,-122.430588,9475,1830 SUTTER ST,Nihonmachi Little Friends,BUSH,SIDEWALK,2,4,,2015,1,37.786705,-122.43055,POINT (-122.430534 37.7867),101.0,4.0,11.0,30.0,78.0,,,101.0,0.0004230000000049472
1940976,Nihonmachi Little Friends - Bush St,Private,-2,-1,PK,Independent / Private,CDC113,3,4,CDC,380504390.0,"2031 BUSH ST, SAN FRANCISCO, CA 94115",5,6075,SAN FRANCISCO,"CA
(37.78709, -122.430588)",37.78709,-122.430588,9834,2031 BUSH ST,Nihonmachi Little Friends,BUSH,SIDEWALK,2,4,,2015,1,37.787085,-122.430577,POINT (-122.430565 37.78708),101.0,4.0,11.0,30.0,78.0,,,101.0,1.6000000002236447e-05
2004929,Bright Horizons - 2Nd St,Private,-2,4,PK-4,Independent / Private,IND217,3,9,IND,384002149.0,"303 02ND ST STE 250, SAN FRANCISCO, CA 94107",6,6075,SAN FRANCISCO,"CA
(37.785294, -122.395569)",37.785294,-122.395569,9298,303 02ND ST,24 Hour Fitness,DIVISADERO,SIDEWALK,3,6,,2012,5,37.785287,-122.395553,POINT (-122.39554 37.785282),30.0,1.0,10.0,8.0,25.0,3.0,,30.0,2.2999999991668574e-05
2005470,Bright Horizons - 2Nd St,Private,-2,4,PK-4,Independent / Private,IND217,3,9,IND,384002149.0,"303 02ND ST STE 250, SAN FRANCISCO, CA 94107",6,6075,SAN FRANCISCO,"CA
(37.785294, -122.395569)",37.785294,-122.395569,9258,303 02ND ST,UNKNOWN,02ND,SIDEWALK,2,4,,2005,0,37.785287,-122.395553,POINT (-122.39554 37.785282),30.0,1.0,10.0,8.0,25.0,3.0,,30.0,2.2999999991668574e-05
2008357,Buena Vista Child Care,Private,0,5,K-5,Independent / Private,IND223,5,10,IND,384002230.0,"3351 23RD ST, SAN FRANCISCO, CA 94110",9,6075,SAN FRANCISCO,"CA
(37.753567, -122.42028)",37.753567,-122.42028,10734,1199 VALENCIA ST,Beretta,VALENCIA,ROADWAY,4,8,,2013,12,37.753843,-122.42054,POINT (-122.420525 37.753838),53.0,3.0,2.0,20.0,87.0,,,53.0,0.0005360000000038667
2010496,Buena Vista Child Care,Private,0,5,K-5,Independent / Private,IND223,5,10,IND,384002230.0,"3351 23RD ST, SAN FRANCISCO, CA 94110",9,6075,SAN FRANCISCO,"CA
(37.753567, -122.42028)",37.753567,-122.42028,10636,1199 VALENCIA ST,Beretta,VALENCIA,SIDEWALK,1,2,,2012,10,37.753843,-122.42054,POINT (-122.420525 37.753838),53.0,3.0,2.0,20.0,87.0,,,53.0,0.0005360000000038667
2062699,Saint Philip School,Private,0,8,K-8,Independent / Private,IND305,5,13,IND,38684786980627.0,"665 ELIZABETH ST, SAN FRANCISCO, CA 94114",8,6075,SAN FRANCISCO,"CA
(37.751759, -122.435539)",37.751759,-122.435539,9535,4166 24TH ST,Swatdee Thai Cuisine,24TH,SIDEWALK,1,2,,2002,0,37.751446,-122.435564,POINT (-122.43555 37.751442),84.0,3.0,5.0,22.0,175.0,12.0,,84.0,0.0003379999999921779
2102942,Alt School - Dogpatch 2,Private,-1,2,TK-2,Independent / Private,IND203,4,7,IND,,"610 20TH ST, SAN FRANCISCO, CA 94107",10,6075,SAN FRANCISCO,"CA
(37.760662, -122.387962)",37.760662,-122.387962,10515,628 20TH ST,Retox Lounge,20TH,SIDEWALK,1,2,,2003,0,37.760679,-122.388215,POINT (-122.3882 37.760674),55.0,2.0,9.0,26.0,167.0,14.0,,55.0,0.00027000000000043656
2103514,Alt School - Dogpatch 2,Private,-1,2,TK-2,Independent / Private,IND203,4,7,IND,,"610 20TH ST, SAN FRANCISCO, CA 94107",10,6075,SAN FRANCISCO,"CA
(37.760662, -122.387962)",37.760662,-122.387962,9412,2291 03rd Street,Conspiracy,03RD,SIDEWALK,2,4,,2017,2,37.760625,-122.388417,POINT (-122.388405 37.76062),55.0,2.0,9.0,26.0,167.0,14.0,,55.0,0.0004920000000083746
2105225,Alt School - Dogpatch 2,Private,-1,2,TK-2,Independent / Private,IND203,4,7,IND,,"610 20TH ST, SAN FRANCISCO, CA 94107",10,6075,SAN FRANCISCO,"CA
(37.760662, -122.387962)",37.760662,-122.387962,9764,2289 03RD ST,Sea Star,03RD,SIDEWALK,1,2,,2015,6,37.760711,-122.388325,POINT (-122.38831 37.760704),55.0,2.0,9.0,26.0,167.0,14.0,,55.0,0.00041199999999008696
2106657,Immaculate Conception Academy,Private,9,12,9-12,Independent / Private,IND252,14,17,IND,38684786939615.0,"3625 24TH ST, SAN FRANCISCO, CA 94110",8,6075,SAN FRANCISCO,"CA
(37.751667, -122.423416)",37.751667,-122.423416,9666,3648 24TH ST,St. James School,24TH,SIDEWALK,1,2,,2010,0,37.752076,-122.423838,POINT (-122.42383 37.75207),52.0,3.0,5.0,20.0,176.0,,,52.0,0.0008310000000051332
2109379,Immaculate Conception Academy,Private,9,12,9-12,Independent / Private,IND252,14,17,IND,38684786939615.0,"3625 24TH ST, SAN FRANCISCO, CA 94110",8,6075,SAN FRANCISCO,"CA
(37.751667, -122.423416)",37.751667,-122.423416,11102,1198 GUERRERO ST,24 Guerrero Cleaners,24TH,SIDEWALK,1,2,,0,0,37.752096,-122.423191,POINT (-122.42318 37.75209),52.0,3.0,5.0,20.0,176.0,,,52.0,0.0006540000000043733
2110796,Immaculate Conception Academy,Private,9,12,9-12,Independent / Private,IND252,14,17,IND,38684786939615.0,"3625 24TH ST, SAN FRANCISCO, CA 94110",8,6075,SAN FRANCISCO,"CA
(37.751667, -122.423416)",37.751667,-122.423416,12366,1198 GUERRERO ST,24 Guerrero Cleaners,24TH,SIDEWALK,1,2,,2013,5,37.752096,-122.423191,POINT (-122.42318 37.75209),52.0,3.0,5.0,20.0,176.0,,,52.0,0.0006540000000043733
2123697,Alt School - North Beach,Private,-1,8,TK-8,Independent / Private,IND205,4,13,IND,,"838 KEARNY STREET, SAN FRANCISCO, CA 94108",3,6075,SAN FRANCISCO,"CA
(37.795811, -122.404892)",37.795811,-122.404892,11039,680 WASHINGTON ST,City College of SF Chinatown North Beach Campus,WASHINGTON,SIDEWALK,3,6,,2012,0,37.795369,-122.40474,POINT (-122.404724 37.795364),104.0,6.0,3.0,6.0,55.0,,,104.0,0.0005939999999995393
2129540,Wu Yee Child Development Center - Cadillac,Private,-2,-1,PK,Independent / Private,CDC157,3,4,CDC,384002512.0,"398 EDDY ST, SAN FRANCISCO, CA 94102",6,6075,SAN FRANCISCO,"CA
(37.784054, -122.41394)",37.784054,-122.41394,12161,380 EDDY ST,Cadillac Hotel,EDDY,SIDEWALK,2,4,,2015,1,37.78405,-122.413933,POINT (-122.41392 37.784046),20.0,5.0,10.0,36.0,18.0,6.0,1.0,20.0,1.0999999993543952e-05
2142838,Woodside International School,Private,9,12,9-12,Independent / Private,IND338,14,17,IND,38684787078710.0,"1555 IRVING ST, SAN FRANCISCO, CA 94122",5,6075,SAN FRANCISCO,"CA
(37.763432, -122.474747)",37.763432,-122.474747,9961,1555 IRVING ST,Woodside International School,IRVING,SIDEWALK,1,2,,2010,0,37.763427,-122.474735,POINT (-122.474724 37.763424),109.0,10.0,11.0,14.0,153.0,,,109.0,1.699999999971169e-05
2150284,Faces Sf Child Development Program - Haight Ashbury/Masonic,Private,-2,-1,PK,Independent / Private,CDC037,3,4,CDC,384002201.0,"1101 MASONIC AVE, SAN FRANCISCO, CA 94117",5,6075,SAN FRANCISCO,"CA
(37.770889, -122.445869)",37.770889,-122.445869,9265,1400 HAIGHT ST,Positively Haight Street Business,HAIGHT,SIDEWALK,1,2,,2010,0,37.770395,-122.445687,POINT (-122.44567 37.77039),25.0,7.0,11.0,3.0,91.0,,,25.0,0.0006759999999914612
2155314,Mission Neighborhood Centers - Capp Head Start,Private,-2,-1,PK,Independent / Private,CDC100,3,4,CDC,380505268.0,"362 CAPP ST, SAN FRANCISCO, CA 94110",9,6075,SAN FRANCISCO,"CA
(37.760986, -122.418495)",37.760986,-122.418495,9238,2263 MISSION ST,The Dark Room Theater,MISSION,SIDEWALK,1,2,,2012,7,37.760873,-122.418899,POINT (-122.418884 37.760868),53.0,3.0,2.0,20.0,177.0,,,53.0,0.0005170000000092045
2206104,Wu Yee Child Development Center - Golden Gate,Private,-2,-1,PK,Independent / Private,CDC160,3,4,CDC,380506088.0,"177 GOLDEN GATE AVE, SAN FRANCISCO, CA 94102",6,6075,SAN FRANCISCO,"CA
(37.78167, -122.413559)",37.78167,-122.413559,10452,183 GOLDEN GATE AVE,UNKNOWN,GOLDEN GATE,SIDEWALK,1,2,,2006,0,37.781663,-122.413544,POINT (-122.41353 37.78166),20.0,5.0,10.0,36.0,131.0,6.0,1.0,20.0,2.200000000129876e-05
2231371,Alt School - Soma,Private,6,8,6-8,Independent / Private,IND207,11,13,IND,38684786148282.0,"1245 FOLSOM ST, SAN FRANCISCO, CA 94103",6,6075,SAN FRANCISCO,"CA
(37.774181, -122.410484)",37.774181,-122.410484,11724,1225 FOLSOM ST,Driftwood,FOLSOM,SIDEWALK,1,2,,2013,1,37.774468,-122.410284,POINT (-122.41027 37.774464),32.0,1.0,10.0,34.0,35.0,,,32.0,0.0004869999999925767
2232363,Alt School - Soma,Private,6,8,6-8,Independent / Private,IND207,11,13,IND,38684786148282.0,"1245 FOLSOM ST, SAN FRANCISCO, CA 94103",6,6075,SAN FRANCISCO,"CA
(37.774181, -122.410484)",37.774181,-122.410484,9621,1201 FOLSOM ST,Leather Etc.,FOLSOM,SIDEWALK,1,2,,2003,0,37.774663,-122.410037,POINT (-122.41003 37.77466),32.0,1.0,10.0,34.0,35.0,,,32.0,0.0009289999999921861
2232522,Alt School - Soma,Private,6,8,6-8,Independent / Private,IND207,11,13,IND,38684786148282.0,"1245 FOLSOM ST, SAN FRANCISCO, CA 94103",6,6075,SAN FRANCISCO,"CA
(37.774181, -122.410484)",37.774181,-122.410484,10757,1225 FOLSOM ST,Driftwood,FOLSOM,ROADWAY,7,14,,2013,12,37.774468,-122.410284,POINT (-122.41027 37.774464),32.0,1.0,10.0,34.0,35.0,,,32.0,0.0004869999999925767
2233202,Alt School - Soma,Private,6,8,6-8,Independent / Private,IND207,11,13,IND,38684786148282.0,"1245 FOLSOM ST, SAN FRANCISCO, CA 94103",6,6075,SAN FRANCISCO,"CA
(37.774181, -122.410484)",37.774181,-122.410484,11167,1246 FOLSOM ST,UNKNOWN,FOLSOM,SIDEWALK,1,2,,2005,0,37.774584,-122.410981,POINT (-122.410965 37.77458),32.0,1.0,10.0,34.0,35.0,,,32.0,0.0009000000000085606
2244536,Living Hope Christian School,Private,0,12,K-12,Independent / Private,IND268,5,17,IND,,"1209 GENEVA AVE, SAN FRANCISCO, CA 94112",11,6075,SAN FRANCISCO,"CA
(37.714336, -122.435829)",37.714336,-122.435829,12288,1201 GENEVA AVE,Tienda Santa Marta,NAPLES,SIDEWALK,1,2,,2013,4,37.714332,-122.435815,POINT (-122.4358 37.71433),90.0,9.0,1.0,7.0,156.0,,,90.0,1.7999999997186933e-05
2244795,Living Hope Christian School,Private,0,12,K-12,Independent / Private,IND268,5,17,IND,,"1209 GENEVA AVE, SAN FRANCISCO, CA 94112",11,6075,SAN FRANCISCO,"CA
(37.714336, -122.435829)",37.714336,-122.435829,11547,1217 Geneva Ave,Stop and Wrap Coffee Shop,GENEVA,SIDEWALK,1,2,,2016,11,37.714183,-122.435828,POINT (-122.435814 37.714176),90.0,9.0,1.0,7.0,156.0,,,90.0,0.00015400000000198588
2264977,Ucsf - University Child Care Center - Mission Bay,Private,-2,-1,PK,Independent / Private,CDC152,3,4,CDC,384001586.0,"1555 6TH ST, SAN FRANCISCO, CA 94158",6,6075,SAN FRANCISCO,"CA
(37.768677, -122.393967)",37.768677,-122.393967,9714,1625 OWENS ST,UCSF Mission Bay and Owens St Garage,OWENS,GARAGE CAGE,26,52,,2005,0,37.768275,-122.393937,POINT (-122.39392 37.76827),34.0,1.0,10.0,4.0,68.0,,,34.0,0.00043200000000354066
2290989,Golden Gate Guppies Preschool,Private,-2,-1,PK,Independent / Private,CDC046,3,4,CDC,384002090.0,"2426 CALIFORNIA ST, SAN FRANCISCO, CA 94115",2,6075,SAN FRANCISCO,"CA
(37.789124, -122.434509)",37.789124,-122.434509,11933,2417 CALIFORNIA ST,Curbside Cafe,CALIFORNIA,SIDEWALK,1,2,,2006,0,37.788684,-122.43404,POINT (-122.43403 37.788677),103.0,4.0,6.0,30.0,78.0,,,103.0,0.0009090000000071541
2292480,Golden Gate Guppies Preschool,Private,-2,-1,PK,Independent / Private,CDC046,3,4,CDC,384002090.0,"2426 CALIFORNIA ST, SAN FRANCISCO, CA 94115",2,6075,SAN FRANCISCO,"CA
(37.789124, -122.434509)",37.789124,-122.434509,9204,2195 FILLMORE ST,Browser Books,FILLMORE,SIDEWALK,1,2,,2002,0,37.789593,-122.434273,POINT (-122.43426 37.78959),102.0,4.0,6.0,30.0,79.0,,,102.0,0.0007050000000035084
2300429,San Francisco Pacific Academy,Private,0,8,K-8,Independent / Private,IND317,5,13,IND,38684786146054.0,"3301 BALBOA ST, SAN FRANCISCO, CA 94121",1,6075,SAN FRANCISCO,"CA
(37.775639, -122.494286)",37.775639,-122.494286,10686,3301 BALBOA ST,San Francisco Pacific Academy,BALBOA,SIDEWALK,2,4,,2015,8,37.775792,-122.494131,POINT (-122.49412 37.775787),8.0,8.0,4.0,29.0,56.0,,,8.0,0.0003080000000110772
2302216,San Francisco Pacific Academy,Private,0,8,K-8,Independent / Private,IND317,5,13,IND,38684786146054.0,"3301 BALBOA ST, SAN FRANCISCO, CA 94121",1,6075,SAN FRANCISCO,"CA
(37.775639, -122.494286)",37.775639,-122.494286,11235,3300 BALBOA ST,Multicultural Preschool,BALBOA,SIDEWALK,1,2,,2014,7,37.776094,-122.494286,POINT (-122.49427 37.77609),8.0,8.0,4.0,29.0,56.0,,,8.0,0.00045500000000231466
